playlists.items.track.albumName,playlists.items.track.artistName,playlists.items.track.trackName,playlists.items.track.trackUri,playlists.name
...Like Clockwork,Queens of the Stone Age,I Sat by the Ocean,spotify:track:1D3YGmST01Ba0WRiT7THPG,The Knew
¡DOS!,Green Day,Stray Heart,spotify:track:2Q22sa3Y4lKXHHBBAxEhYY,Missing Her
¡DOS!,Green Day,Stray Heart,spotify:track:2Q22sa3Y4lKXHHBBAxEhYY,Perfect Playlist Pt 2
¡UNO!,Green Day,Nuclear Family,spotify:track:206n37mZTmloL45RYhmMlP,Missing Her
¡UNO!,Green Day,Nuclear Family,spotify:track:206n37mZTmloL45RYhmMlP,Rock Paper Scissors
“99”,Barns Courtney,Good Thing,spotify:track:35SVRaDt0IKWBPQdR0xREa,Missing Her
“99”,Barns Courtney,Good Thing,spotify:track:35SVRaDt0IKWBPQdR0xREa,The Knew
÷,Ed Sheeran,Perfect,spotify:track:0tgVpDi06FyKpA1z0VMD4v,Missing Her
100th Window,Massive Attack,A Prayer For England,spotify:track:62RHWsSdkQqU389pDtL0Bp,Perfect Playlist Pt 2
100th Window,Massive Attack,A Prayer For England,spotify:track:62RHWsSdkQqU389pDtL0Bp,Rock Paper Scissors
13 Voices,Sum 41,War,spotify:track:23Vf9hNoBN8AacpUUHbiRy,The Knew
21st Century Breakdown,Green Day,¿Viva La Gloria? (Little Girl),spotify:track:2mnk1GHN0XmznKiucY4ZW4,Perfect Playlist Pt 2
3,half•alive,Tip Toes,spotify:track:7DwaOIkZk8qLJKGX7XTF2l,Perfect Playlist Pt 2
5,Lenny Kravitz,Fly Away,spotify:track:1OxcIUqVmVYxT6427tbhDW,Rock Paper Scissors
a modern tragedy vol. 1,grandson,Blood // Water,spotify:track:7clyJIrLkEbXUDwj1tC9zz,The Knew
A/B,KALEO,All the Pretty Girls,spotify:track:0QQIhT6PtJ5glyn4HKNKQ6,The Knew
A/B,KALEO,Glass House,spotify:track:3HtCaD8SkNbjy3TrEcS4Km,The Knew
A/B,KALEO,Hot Blood,spotify:track:7d9sZF7jmepe2EYdETlNWK,The Knew
A/B,KALEO,No Good,spotify:track:0Tr5G2mE56eLUGvCaXRM8I,The Knew
A/B,KALEO,Way down We Go,spotify:track:0y1QJc3SJVPKJ1OvFmFqe6,The Knew
ABBA Gold,ABBA,Dancing Queen,spotify:track:2ATDkfqprlNNe9mYWodgdc,I Will Survive
Abbey Road,The Beatles,Come Together - Remastered 2009,spotify:track:2EqlS6tkEnglzr7tkKAAYD,I Will Survive
Abbey Road,The Beatles,Come Together - Remastered 2009,spotify:track:2EqlS6tkEnglzr7tkKAAYD,Rock Paper Scissors
Ace of Spades,Motörhead,Ace of Spades,spotify:track:6EPRKhUOdiFSQwGBRBbvsZ,Rock Paper Scissors
Aerosmith,Aerosmith,Dream On,spotify:track:5MxNLUsfh7uzROypsoO5qe,Rock Paper Scissors
After Laughter,Paramore,Hard Times,spotify:track:0w5Bdu51Ka25Pf3hojsKHh,The Knew
After Midnight,Matthew P. Woerner,After Midnight,spotify:track:6dNSTCWVQHZp33LYB9P7Do,After Midnight
Aftermath,The Rolling Stones,"Paint It, Black",spotify:track:63T7DJ1AFDD6Bn8VzG6JE8,"1 or 11? Its Aces, Charles!"
Aftermath,The Rolling Stones,"Paint It, Black",spotify:track:63T7DJ1AFDD6Bn8VzG6JE8,Missing Her
Aftermath,The Rolling Stones,"Paint It, Black",spotify:track:63T7DJ1AFDD6Bn8VzG6JE8,Rock Paper Scissors
Agents Of Fortune,Blue Öyster Cult,(Don't Fear) The Reaper,spotify:track:5QTxFnGygVM4jFQiBovmRo,I Will Survive
Agents Of Fortune,Blue Öyster Cult,(Don't Fear) The Reaper,spotify:track:5QTxFnGygVM4jFQiBovmRo,Rock Paper Scissors
Aim and Ignite,fun.,The Gambler,spotify:track:4Nkn6En6TiZQRuTpEDPOYs,Missing Her
Alive,Tim McMorris,Life Is Beautiful,spotify:track:1EW4h99weO0iXZgjrSyDBi,"1 or 11? Its Aces, Charles!"
Alive,Tim McMorris,Life Is Beautiful,spotify:track:1EW4h99weO0iXZgjrSyDBi,The Knew
All My Demons Greeting Me as a Friend,AURORA,Half the World Away,spotify:track:0sN0KsgEU0RxNsGJ0zOGor,Missing Her
All My Demons Greeting Me as a Friend,AURORA,"Murder Song (5, 4, 3, 2, 1) - Acoustic",spotify:track:7emYgNINPGksV9INAKsjSj,"1 or 11? Its Aces, Charles!"
All My Demons Greeting Me as a Friend,AURORA,"Murder Song (5, 4, 3, 2, 1) - Acoustic",spotify:track:7emYgNINPGksV9INAKsjSj,Missing Her
All My Demons Greeting Me as a Friend,AURORA,Running with the Wolves,spotify:track:6qMMJiCtrlHmxGyFUStff8,Missing Her
All My Demons Greeting Me as a Friend,AURORA,Warrior,spotify:track:597qlcmqAPi6cNRNIg4cQv,Missing Her
All The Time In The World,Lazlo Bane,Superman,spotify:track:19nAFg6Mb6jXN3yxPC2sSk,"1 or 11? Its Aces, Charles!"
AM,Arctic Monkeys,Do I Wanna Know?,spotify:track:5FVd6KXrgO9B3JPmC8OPst,Me and michael
AM,Arctic Monkeys,Do I Wanna Know?,spotify:track:5FVd6KXrgO9B3JPmC8OPst,Perfect Playlist Pt 2
AM,Arctic Monkeys,Do I Wanna Know?,spotify:track:5FVd6KXrgO9B3JPmC8OPst,The Knew
AM,Arctic Monkeys,R U Mine?,spotify:track:2AT8iROs4FQueDv2c8q2KE,The Knew
AMERICA,Thirty Seconds To Mars,Walk On Water,spotify:track:6FT9FZccFD6nE8dMNslz2n,The Knew
American Beauty/American Psycho,Fall Out Boy,Centuries,spotify:track:04aAxqtGp5pv12UXAg4pkq,HOmeWorK BANgers
American Beauty/American Psycho,Fall Out Boy,Centuries,spotify:track:04aAxqtGp5pv12UXAg4pkq,The Knew
American Hi-Fi,American Hi-Fi,Flavor Of The Weak,spotify:track:1UkMAtLU8NxsddE7j4zXGO,Missing Her
American Idiot,Green Day,American Idiot,spotify:track:6nTiIhLmQ3FWhvrGafw2zj,Me and michael
American Idiot,Green Day,Holiday / Boulevard of Broken Dreams,spotify:track:0MsrWnxQZxPAcov7c74sSo,Me and michael
American Pie,Don McLean,American Pie,spotify:track:1fDsrQ23eTAVFElUMaf38X,HOmeWorK BANgers
American Pie,Don McLean,American Pie,spotify:track:1fDsrQ23eTAVFElUMaf38X,I Will Survive
Americana,The Offspring,The Kids Aren't Alright,spotify:track:4EchqUKQ3qAQuRNKmeIpnf,I Will Survive
An Innocent Man,Billy Joel,The Longest Time,spotify:track:5DH7nDryMhpixm4G4B7RP9,Missing Her
An Innocent Man,Billy Joel,The Longest Time,spotify:track:5DH7nDryMhpixm4G4B7RP9,The Knew
Angles,The Strokes,Under Cover of Darkness,spotify:track:6u0x5ad9ewHvs3z6u9Oe3c,The Knew
Anthology,Alien Ant Farm,Smooth Criminal,spotify:track:5z6xHjCZr7a7AIcy8sPBKy,I Will Survive
Anthology,Alien Ant Farm,Smooth Criminal,spotify:track:5z6xHjCZr7a7AIcy8sPBKy,Rock Paper Scissors
Appetite For Destruction,Guns N' Roses,Sweet Child O' Mine,spotify:track:7o2CTH4ctstm8TNelqjb51,Rock Paper Scissors
Appetite For Destruction,Guns N' Roses,Sweet Child O' Mine,spotify:track:7snQQk1zcKl8gZ92AnueZW,I Will Survive
Appetite For Destruction,Guns N' Roses,Welcome To The Jungle,spotify:track:0G21yYKMZoHa30cYVi1iA8,I Will Survive
Are We Not Men? We Are Diva!,Me First and the Gimme Gimmes,I Will Survive,spotify:track:5hpyKjTtr5HsvdgLatWzJt,I Will Survive
As You Were,Liam Gallagher,Wall of Glass,spotify:track:5qlSYa5PePLAuAsAFgqVxW,The Knew
ATLAS,The Score,Legend,spotify:track:3SWqGa1J0M7hSBUDM0KePD,The Knew
ATLAS,The Score,Miracle,spotify:track:6A6PDawvZIfnJHW40sBHzz,The Knew
ATLAS,The Score,Never Going Back,spotify:track:5k02Wjsu2MdpF3c9VFQD0k,The Knew
ATLAS,The Score,Oh My Love,spotify:track:4Q99wmrzQFtK3oweyLkWij,Missing Her
ATLAS,The Score,Only One,spotify:track:7La6wwwBcYGqml4BOoZlta,The Knew
ATLAS,The Score,Revolution,spotify:track:7Fv8Qp3tTSbSS2VjryUF7L,The Knew
ATLAS,The Score,Unstoppable,spotify:track:6rrKbzJGGDlSZgLphopS49,The Knew
ATLAS,The Score,Who I Am,spotify:track:4zIJHigfguvdm3O8c9KPeo,The Knew
Audioslave,Audioslave,Show Me How to Live,spotify:track:1Qdnvn4XlmZANCVy3XjrQo,Rock Paper Scissors
B L A C K S T O N E,Semi-Attractive Boy,B L A C K S T O N E,spotify:track:6o3wz9TWDe6dXCGyoKL7W2,Perfect Playlist Pt 2
Babel,Mumford & Sons,Hopeless Wanderer,spotify:track:1FNGW0JOSp7Rbomh80XVYm,Missing Her
Babel,Mumford & Sons,Hopeless Wanderer,spotify:track:1FNGW0JOSp7Rbomh80XVYm,The Knew
Babel,Mumford & Sons,I Will Wait,spotify:track:1fXiYSWmkKJfRKMegCkI11,Missing Her
Babel,Mumford & Sons,I Will Wait,spotify:track:1fXiYSWmkKJfRKMegCkI11,The Knew
Back from the Edge,James Arthur,Say You Won't Let Go,spotify:track:5uCax9HTNlzGybIStD3vDh,Missing Her
Back In Black,AC/DC,Back In Black,spotify:track:08mG3Y1vljYA6bvDt4Wqkj,Rock Paper Scissors
Back In Black,AC/DC,Shoot to Thrill,spotify:track:0C80GCp0mMuBzLf3EAXqxv,Rock Paper Scissors
Back In Black,AC/DC,You Shook Me All Night Long,spotify:track:2SiXAy7TuUkycRVbbWDEpo,Rock Paper Scissors
Bad Blood,Bastille,Pompeii,spotify:track:3gbBpTdY8lnQwqxNCcf795,"1 or 11? Its Aces, Charles!"
Bad Blood,Bastille,Pompeii,spotify:track:3gbBpTdY8lnQwqxNCcf795,I Will Survive
Bad Blood,Bastille,Pompeii,spotify:track:3gbBpTdY8lnQwqxNCcf795,Missing Her
Bad Hair Day,"""Weird Al"" Yankovic","Amish Paradise (Parody of ""Gangsta's Paradise"" by Coolio)",spotify:track:5r96TaQquRrlo3Ym3ZlSL2,HOmeWorK BANgers
Bank On The Funeral,Matt Maeson,Hallucinogenics,spotify:track:6bLU8e0LGyztE9iD5DWBQ1,Missing Her
Bank On The Funeral,Matt Maeson,Hallucinogenics,spotify:track:6bLU8e0LGyztE9iD5DWBQ1,Perfect Playlist Pt 2
Bank On The Funeral,Matt Maeson,Hallucinogenics,spotify:track:6bLU8e0LGyztE9iD5DWBQ1,The Knew
Battle Born,The Killers,Runaways,spotify:track:62BxlOvQCjLNQA5ARA4Dug,The Knew
Be OK,Ingrid Michaelson,Keep Breathing,spotify:track:3wpZTp7HM8Dv25oExNgCC6,I Will Survive
Bed of Liars,The Unlikely Candidates,Your Love Could Start a War,spotify:track:45vNhbjlX9ouXuKZAis59H,The Knew
Beggars Banquet,The Rolling Stones,Sympathy For The Devil - 50th Anniversary Edition,spotify:track:1Ud6moTC0KyXMq1Oxfien0,Missing Her
Beggars Banquet,The Rolling Stones,Sympathy For The Devil - 50th Anniversary Edition,spotify:track:1Ud6moTC0KyXMq1Oxfien0,Rock Paper Scissors
Bells,The Unlikely Candidates,Bells,spotify:track:12VzUUrRwSGJmpAaFkjDcm,The Knew
Blacklisted,Neko Case,Deep Red Bells,spotify:track:4jUBzVmMj8FRUjTKcOqgTn,Rock Paper Scissors
Blacklisted,Neko Case,Tightly,spotify:track:0pnGyhiRtSoJ5ARIwJxhU6,Rock Paper Scissors
Bleed American,Jimmy Eat World,The Middle,spotify:track:6GG73Jik4jUlQCkKg9JuGO,Missing Her
Blessings - EP,Tom Walker,Rapture,spotify:track:0fLPwaOezajmU3endfmBfH,Missing Her
Blessings - EP,Tom Walker,Rapture,spotify:track:0fLPwaOezajmU3endfmBfH,The Knew
Blood Sugar Sex Magik,Red Hot Chili Peppers,Give It Away,spotify:track:0uppYCG86ajpV2hSR3dJJ0,Rock Paper Scissors
Blue Shades,Jono Smithers,Blue Shades,spotify:track:5OxUavsItZns4C3kuJzhiP,HOmeWorK BANgers
Blur,Blur,Song 2 - 2012 Remaster,spotify:track:1FTSo4v6BOZH9QxKc3MbVM,Rock Paper Scissors
Blurryface,Twenty One Pilots,Stressed Out,spotify:track:3CRDbSIZ4r5MsZ0YwxuEkn,I Will Survive
Blurryface,Twenty One Pilots,Stressed Out,spotify:track:3CRDbSIZ4r5MsZ0YwxuEkn,The Knew
Blurryface,Twenty One Pilots,The Judge,spotify:track:1lguQJjlNrIOoOylYVZN3M,Missing Her
Bombs Away,Sheppard,Geronimo,spotify:track:19cL3SOKpwnwoKkII7U3Wh,Missing Her
Boom Boom Room,Palaye Royale,Mr. Doctor Man,spotify:track:0vI2m662QiemSccfCoN9gR,The Knew
Born for This,Royal Deluxe,I'm A Wanted Man,spotify:track:37401pYbpD1TKkFyP4hYPB,Missing Her
Born for This,Royal Deluxe,I'm A Wanted Man,spotify:track:37401pYbpD1TKkFyP4hYPB,The Knew
Born To Rock,Elbow,Grounds for Divorce,spotify:track:1h34M3TNYaVcc91rH9qjrk,Rock Paper Scissors
Born To Rock,The Fratellis,Chelsea Dagger,spotify:track:63J9jk09HxKCqOFkcnbXri,I Will Survive
Born To Rock,The Fratellis,Chelsea Dagger,spotify:track:63J9jk09HxKCqOFkcnbXri,Rock Paper Scissors
Broken Boy Soldiers,The Raconteurs,"Steady, As She Goes",spotify:track:4xlEKYv7HmC8zXoJIbpZKM,Rock Paper Scissors
Broken Machine (Deluxe),Nothing But Thieves,Amsterdam,spotify:track:454I78HEySdcHE8fcVabTb,The Knew
Broken Machine (Deluxe),Nothing But Thieves,Sorry,spotify:track:6rAXHPd18PZ6W8m9EectzH,The Knew
Brothers,The Black Keys,Howlin' for You,spotify:track:0grFc6klR3hxoHLcgCYsF4,The Knew
Bust Free 17,Av.i,L'esbroufe,spotify:track:6OIZQfzKjtYr0j2KZmt0va,Missing Her
"By The Way, I Forgive You",Brandi Carlile,The Joke,spotify:track:18k8IlS52uxRWObykDUZFG,I Will Survive
Cage The Elephant (Expanded Edition),Cage The Elephant,Ain't No Rest for the Wicked,spotify:track:3Pzh926pXggbMe2ZpXyMV7,I Will Survive
Cage The Elephant (Expanded Edition),Cage The Elephant,Ain't No Rest for the Wicked,spotify:track:3Pzh926pXggbMe2ZpXyMV7,Me and michael
Cage The Elephant (Expanded Edition),Cage The Elephant,Ain't No Rest for the Wicked,spotify:track:3Pzh926pXggbMe2ZpXyMV7,Rock Paper Scissors
Cage The Elephant (Expanded Edition),Cage The Elephant,Ain't No Rest for the Wicked,spotify:track:3Pzh926pXggbMe2ZpXyMV7,The Knew
California,blink-182,Bored To Death,spotify:track:44TuSOP6xIAEeJmZsN3nXO,The Knew
Californication,Red Hot Chili Peppers,Californication,spotify:track:48UPSzbZjgc449aqz8bxox,"1 or 11? Its Aces, Charles!"
Californication,Red Hot Chili Peppers,Californication,spotify:track:48UPSzbZjgc449aqz8bxox,Missing Her
Calypso,Harry Belafonte,Banana Boat (Day-O),spotify:track:4fHDlIntTsRGSyTg5UYZYC,"1 or 11? Its Aces, Charles!"
Calypso,Harry Belafonte,Banana Boat (Day-O),spotify:track:4fHDlIntTsRGSyTg5UYZYC,Missing Her
Careless Love,Madeleine Peyroux,Between The Bars,spotify:track:1MLvc7jAgCTIqVbI2Hr2uE,Missing Her
Careless Love,Madeleine Peyroux,Between The Bars,spotify:track:1MLvc7jAgCTIqVbI2Hr2uE,Rock Paper Scissors
Carry On,The Score,Fire,spotify:track:3NjnjF26CQer9yRTNDfvqQ,The Knew
Carry On,Young Rising Sons,Carry On,spotify:track:4dpD3TDufxz2rQ9JLkYPgV,Missing Her
Changes,Charles Bradley,Changes,spotify:track:1fOc4Kf82a6J1C9gS5sE0d,The Knew
Cherry Pie,Warrant,Cherry Pie,spotify:track:7LygtNjQ65PSdzVjUnHXQb,Rock Paper Scissors
Choke,I DONT KNOW HOW BUT THEY FOUND ME,Choke,spotify:track:37mfTcSlX60JtAvAETytGs,Missing Her
Chuck,Tim Jones,Action Theme,spotify:track:2PhQJp8rfzNHllBS9vmK01,"1 or 11? Its Aces, Charles!"
Cold Blood,Dave Not Dave,Cold Blood,spotify:track:6UeE8WZ4NPrfIfSublcyta,The Knew
Combat Rock (Remastered),The Clash,Should I Stay or Should I Go - Remastered,spotify:track:39shmbIHICJ2Wxnk1fPSdz,I Will Survive
Combat Rock (Remastered),The Clash,Should I Stay or Should I Go - Remastered,spotify:track:39shmbIHICJ2Wxnk1fPSdz,Rock Paper Scissors
Come Clean,Puddle Of Mudd,She Hates Me,spotify:track:16DhvbuyvJob4Q9GHNYu2n,Missing Her
Comfort Eagle,CAKE,Love You Madly,spotify:track:5jhfa76FhqtD3Boij6MAKS,Missing Her
Comfort Eagle,CAKE,Love You Madly,spotify:track:5jhfa76FhqtD3Boij6MAKS,Perfect Playlist Pt 2
Comfort Eagle,CAKE,Short Skirt / Long Jacket,spotify:track:3OOFEF20WqtsUPcRbPY3L7,"1 or 11? Its Aces, Charles!"
Comfort Eagle,CAKE,Short Skirt / Long Jacket,spotify:track:3OOFEF20WqtsUPcRbPY3L7,I Will Survive
Comfort Eagle,CAKE,Short Skirt / Long Jacket,spotify:track:3OOFEF20WqtsUPcRbPY3L7,Perfect Playlist Pt 2
Community (Music from the Original Television Series),The 88,"At Least It Was Here (""Community"" Main Title) [Full Length Version]",spotify:track:5HYHGYx3Yl0B344J6eAdgF,"1 or 11? Its Aces, Charles!"
Community (Music from the Original Television Series),The 88,"At Least It Was Here (""Community"" Main Title) [Full Length Version]",spotify:track:5HYHGYx3Yl0B344J6eAdgF,Perfect Playlist Pt 2
Community (Music from the Original Television Series),The 88,"At Least It Was Here (""Community"" Main Title) [Full Length Version]",spotify:track:5HYHGYx3Yl0B344J6eAdgF,The Knew
Concrete and Gold,Foo Fighters,The Sky Is A Neighborhood,spotify:track:3kdMzXOcrDIdSWLdONHNK5,The Knew
Contraband,Velvet Revolver,Slither,spotify:track:7kF1iPJTj3VFJX9XokQ80F,Rock Paper Scissors
Costello Music,The Fratellis,Chelsea Dagger,spotify:track:3ItzRpwvKtkDSNdRSjXu7Z,Perfect Playlist Pt 2
Crooked Teeth,Papa Roach,Born For Greatness,spotify:track:5cRPdqpWkaNmIbPi6wJDg2,The Knew
Crooked Teeth,Papa Roach,Help,spotify:track:6EaGMOSWL2LndwY6gClBaD,The Knew
Curses from Past Times (Remastered),Proleter,Faidherbe Square (2018 Digital Remaster),spotify:track:2KohJVMbWIvuyOCJg0VSbh,HOmeWorK BANgers
Curses from Past Times EP,Proleter,April Showers,spotify:track:04KsMCb9PZE2S0AtUU8Jhb,Perfect Playlist Pt 2
Danger Days: The True Lives of the Fabulous Killjoys,My Chemical Romance,Na Na Na (Na Na Na Na Na Na Na Na Na),spotify:track:5BB0Jzw60KyfSTyjJqtely,The Knew
Dear Wormwood,The Oh Hellos,"Soldier, Poet, King",spotify:track:3xtiXNDbSKxy20I7D6vFUg,Missing Her
Dear Wormwood,The Oh Hellos,"Soldier, Poet, King",spotify:track:3xtiXNDbSKxy20I7D6vFUg,Perfect Playlist Pt 2
Dear Wormwood,The Oh Hellos,Thus Always To Tyrants,spotify:track:4ZZsSnVQXTMfYB2unKx7me,Missing Her
Dear Wormwood,The Oh Hellos,Thus Always To Tyrants,spotify:track:4ZZsSnVQXTMfYB2unKx7me,Perfect Playlist Pt 2
Dear Wormwood,The Oh Hellos,Thus Always To Tyrants,spotify:track:4ZZsSnVQXTMfYB2unKx7me,The Knew
Delirium Sonata,Tribe Society,Kings,spotify:track:1031dCHtkJhbtcxXCwKipv,The Knew
Desolation Boulevard,Sweet,Fox On The Run,spotify:track:4uip0lLkMKl1nwchsdXs1r,Rock Paper Scissors
Destiny,Proleter,Destiny,spotify:track:4MQwxyqhYMeIPvIG36Vq7x,HOmeWorK BANgers
Destiny,Proleter,Destiny,spotify:track:4MQwxyqhYMeIPvIG36Vq7x,Missing Her
Dirty Shirt Rock 'N' Roll: The First Ten Years,The Jon Spencer Blues Explosion,Bellbottoms,spotify:track:7sC9FifCXZHgjTAjFO1ykA,"1 or 11? Its Aces, Charles!"
Dirty Shirt Rock 'N' Roll: The First Ten Years,The Jon Spencer Blues Explosion,Bellbottoms,spotify:track:7sC9FifCXZHgjTAjFO1ykA,Missing Her
Disobey,Bad Wolves,Zombie,spotify:track:1eadPrzB2P0ikQcqhKSAtv,The Knew
Doctor Who Series 6,Murray Gold,The Majestic Tale (Of A Madman In A Box),spotify:track:1nS12P1Ely8F4tzeXPMsYr,"1 or 11? Its Aces, Charles!"
Document (R.E.M. No. 5),R.E.M.,It's The End Of The World As We Know It (And I Feel Fine),spotify:track:2oSpQ7QtIKTNFfA08Cy0ku,"1 or 11? Its Aces, Charles!"
Document (R.E.M. No. 5),R.E.M.,It's The End Of The World As We Know It (And I Feel Fine),spotify:track:2oSpQ7QtIKTNFfA08Cy0ku,I Will Survive
Document (R.E.M. No. 5),R.E.M.,It's The End Of The World As We Know It (And I Feel Fine),spotify:track:2oSpQ7QtIKTNFfA08Cy0ku,Rock Paper Scissors
Dookie,Green Day,Basket Case,spotify:track:6L89mwZXSOwYl76YXfX13s,Rock Paper Scissors
Dookie,Green Day,Longview,spotify:track:3LRJbFT9rKoKv4aW7PuBJC,Rock Paper Scissors
Dookie,Green Day,Welcome to Paradise,spotify:track:5kr3j5Clb9rjEposoMyLVt,Rock Paper Scissors
Dookie,Green Day,When I Come Around,spotify:track:1Dr1fXbc2IxaK1Mu8P8Khz,HOmeWorK BANgers
Dookie,Green Day,When I Come Around,spotify:track:1Dr1fXbc2IxaK1Mu8P8Khz,Rock Paper Scissors
Down the Way,Angus & Julia Stone,Big Jet Plane,spotify:track:3WGsYiBXmaT8XyY4Fmry2v,Missing Her
Down the Way,Angus & Julia Stone,Big Jet Plane,spotify:track:3WGsYiBXmaT8XyY4Fmry2v,The Knew
Dream Your Life Away,Vance Joy,Fire and the Flood,spotify:track:6liNJDyWJjyHAgDnAX95bw,Missing Her
Drones,Muse,Psycho,spotify:track:383QXk8nb2YrARMUwDdjQS,Missing Her
Drones,Muse,Psycho,spotify:track:383QXk8nb2YrARMUwDdjQS,The Knew
"Echoes, Silence, Patience & Grace",Foo Fighters,The Pretender,spotify:track:7x8dCjCr0x6x2lXKujYD34,Missing Her
"Echoes, Silence, Patience & Grace",Foo Fighters,The Pretender,spotify:track:7x8dCjCr0x6x2lXKujYD34,Rock Paper Scissors
Edge of the World,Youngblood Hawke,Knock Me Down,spotify:track:2R8pXE4O7rCPlFX8gcnZq4,The Knew
Egomaniac,KONGOS,Take It From Me,spotify:track:1oxPrSHvcFiX9cqiQXCIHE,The Knew
El Camino,The Black Keys,Gold on the Ceiling,spotify:track:5lN1EH25gdiqT1SFALMAq1,The Knew
Elephant,The White Stripes,Seven Nation Army,spotify:track:3dPQuX8Gs42Y7b454ybpMR,I Will Survive
Elephant,The White Stripes,Seven Nation Army,spotify:track:3dPQuX8Gs42Y7b454ybpMR,Rock Paper Scissors
Elvis 30 #1 Hits,Elvis Presley,A Little Less Conversation - JXL Radio Edit Remix,spotify:track:7FNIEfhhBlzsZFxCwI5Nwh,"1 or 11? Its Aces, Charles!"
Endless Smile,Degiheugi,Qu'attendez Vous De Moi ?,spotify:track:3axxHYQ0tGeHyA09jkXznd,Missing Her
Enter the Mowo!,Mocean Worker,Blackbird (feat. Nina Simone),spotify:track:647y1Osvj3b181y7aWevnP,Perfect Playlist Pt 2
Enter the Mowo!,Mocean Worker,Blackbird (feat. Nina Simone),spotify:track:647y1Osvj3b181y7aWevnP,Rock Paper Scissors
Epic Soundtracks and Orchestral Music,Hans Zimmer,Wonder Woman Main Theme,spotify:track:0oz9ITtPIt3iI1nzdVX9L2,I Will Survive
Erase You,Bleeker,Highway,spotify:track:7aQT5OB4zEgyyxfRDbOBIt,The Knew
Eternelle,Édith Piaf,"Non, je ne regrette rien",spotify:track:3dkIE8P7hvl3tHl9KSb6dA,HOmeWorK BANgers
Everything All The Time,Band of Horses,The Funeral,spotify:track:5lRzWDEe7UuedU2QPsFg0K,Missing Her
Everything All The Time,Band of Horses,The Funeral,spotify:track:5lRzWDEe7UuedU2QPsFg0K,Perfect Playlist Pt 2
Everything All The Time,Band of Horses,The Funeral,spotify:track:5lRzWDEe7UuedU2QPsFg0K,The Knew
Evolve,Imagine Dragons,Believer,spotify:track:0pqnGHJpmpxLKifKRmU6WP,The Knew
Fallen,Evanescence,Bring Me To Life,spotify:track:0COqiPhxzoWICwFCS4eZcp,I Will Survive
Fallen,Evanescence,Bring Me To Life,spotify:track:0COqiPhxzoWICwFCS4eZcp,Missing Her
Fallen,Evanescence,Everybody's Fool,spotify:track:0tWEB6BxbI48XN79QE1JbT,I Will Survive
Fallen,Evanescence,Going Under,spotify:track:3UygY7qW2cvG9Llkay6i1i,I Will Survive
Fallen,Evanescence,My Immortal,spotify:track:4UzVcXufOhGUwF56HT7b8M,I Will Survive
Fallen,Evanescence,My Immortal,spotify:track:4UzVcXufOhGUwF56HT7b8M,Missing Her
Fallen,Evanescence,Whisper,spotify:track:1TU3KOnNwSERgNbF2Yzl7N,I Will Survive
Fallen,Evanescence,Whisper,spotify:track:1TU3KOnNwSERgNbF2Yzl7N,Missing Her
Fallen Kingdom Remix,Tryhardninja,Fallen Kingdom (Approaching Nirvana Remix),spotify:track:2Lh5QSUyAMsun7ueSar2sL,HOmeWorK BANgers
Fashion Nugget,CAKE,I Will Survive,spotify:track:0qgiFuYhYuwtFXEwYakddE,Perfect Playlist Pt 2
Fashion Nugget,CAKE,The Distance,spotify:track:0fsz7tJ7UKXT9hliLfO7aE,Missing Her
Fashion Nugget,CAKE,The Distance,spotify:track:0xMEF2WiqKWTIG7Krjungw,I Will Survive
Fashion Nugget,CAKE,The Distance,spotify:track:0xMEF2WiqKWTIG7Krjungw,Rock Paper Scissors
Fast Cars and Movie Stars,Stolen Gin,Fast Cars and Movie Stars,spotify:track:0W1jn6VlozBWM3p0P0hUju,The Knew
Feeding the Lions EP,Proleter,Can't Stop Me,spotify:track:0Ff3LWisIPIlRegEKr1fKx,Perfect Playlist Pt 2
Feeding the Lions EP,Proleter,It Don't Mean a Thing,spotify:track:06SN95lC2QIwGchwTSQNY6,Missing Her
Feral Roots,Rival Sons,Do Your Worst,spotify:track:1ZDq0oRT40CkuADdE4Jvrq,The Knew
Folie à Deux,Fall Out Boy,I Don't Care - Single Version,spotify:track:7ewT0nLFkMD8ONbRibePr9,Rock Paper Scissors
Fort Atlantic,Fort Atlantic,Let Your Heart Hold Fast,spotify:track:0umRfhrhFEz9jkEMTrUSkQ,Perfect Playlist Pt 2
Fort Atlantic,Fort Atlantic,Let Your Heart Hold Fast,spotify:track:0umRfhrhFEz9jkEMTrUSkQ,The Knew
Foundations,The Architect,Les pensées,spotify:track:0fira69E5qwYJNSvzEOCs7,Missing Her
Franz Ferdinand,Franz Ferdinand,Take Me Out,spotify:track:20I8RduZC2PWMWTDCZuuAN,I Will Survive
Franz Ferdinand,Franz Ferdinand,Take Me Out,spotify:track:20I8RduZC2PWMWTDCZuuAN,Perfect Playlist Pt 2
Franz Ferdinand,Franz Ferdinand,Take Me Out,spotify:track:20I8RduZC2PWMWTDCZuuAN,Rock Paper Scissors
Freakin' Out On The Interstate,Briston Maroney,Freakin' Out On the Interstate,spotify:track:0awZwmlC6pxH65KTZpadmX,Perfect Playlist Pt 2
Freakin' Out On The Interstate,Briston Maroney,Freakin' Out On the Interstate,spotify:track:0awZwmlC6pxH65KTZpadmX,The Knew
From The Fires,Greta Van Fleet,Highway Tune,spotify:track:7aOor99o8NNLZYElOXlBG1,The Knew
Future Hearts,All Time Low,Something's Gotta Give,spotify:track:1SeefzwSDiFCjRWaBslRIj,The Knew
GEMINI,Macklemore,Good Old Days (feat. Kesha),spotify:track:2Za1AlJNvksouPPWbXpR2X,The Knew
Get Born,Jet,Are You Gonna Be My Girl,spotify:track:305WCRhhS10XUcH6AEwZk6,I Will Survive
Get Born,Jet,Are You Gonna Be My Girl,spotify:track:305WCRhhS10XUcH6AEwZk6,Missing Her
Get Born,Jet,Are You Gonna Be My Girl,spotify:track:305WCRhhS10XUcH6AEwZk6,Rock Paper Scissors
Get Guilty,A.C. Newman,Prophets,spotify:track:7dnQZxpbKsHNmtlWcRdsR4,Perfect Playlist Pt 2
Get Guilty,A.C. Newman,Prophets,spotify:track:7dnQZxpbKsHNmtlWcRdsR4,The Knew
Get The Knack,The Knack,My Sharona,spotify:track:1HOMkjp0nHMaTnfAkslCQj,I Will Survive
Glory Days,The Federal Empire,Glory Days,spotify:track:7xDrRpY4RqYOk1gRf1iMlj,The Knew
Going To Hell,The Pretty Reckless,Heaven Knows,spotify:track:04w73SmPfQkkmEpKbcrHOL,The Knew
Great Divide (Deluxe Version),Twin Atlantic,Heart and Soul,spotify:track:7CskFQLRb7IdIEdnAnjMDV,Missing Her
Great Divide (Deluxe Version),Twin Atlantic,Heart and Soul,spotify:track:7CskFQLRb7IdIEdnAnjMDV,The Knew
Greatest Hits,Styx,Renegade,spotify:track:2AteFs3KWb0OiKxQRnbH9T,Rock Paper Scissors
Greatest Hits: God's Favorite Band,Green Day,Back in the USA,spotify:track:53oEpGga4UriwcOKc35LpM,Rock Paper Scissors
Greatest Hits: God's Favorite Band,Green Day,Holiday,spotify:track:4VgEM12OeaN3GyBV487Me7,Me and michael
Greatest Hits: Huey Lewis And The News,Huey Lewis & The News,The Power Of Love,spotify:track:2olVm1lHicpveMAo4AUDRB,I Will Survive
Greenback Boogie,Ima Robot,Greenback Boogie,spotify:track:2a6lmAMwH4RjNGDY01kytd,"1 or 11? Its Aces, Charles!"
Greenback Boogie,Ima Robot,Greenback Boogie,spotify:track:5rgqT1We3IX8IxF9gYZgWc,The Knew
Guess I'll Wait For You,Jono Smithers,Guess I'll Wait For You,spotify:track:5vWMRdWmkX1owL6ZBVQM4N,Missing Her
Handwritten,The Gaslight Anthem,"""45""",spotify:track:25Sd73fleKUVPNqITPZkn1,The Knew
Hang on the Weekend,Jono Smithers,Hang on the Weekend,spotify:track:2HjyQ9gDWT5oFWoThOrWeO,Perfect Playlist Pt 2
Hazards Of Love,The Decemberists,The Wanting Comes In Waves / Repaid,spotify:track:3mr3gZp6h3lejFQfGE2YUN,Rock Paper Scissors
Hazy Shade of Winter (feat. Ray Toro),Gerard Way,Hazy Shade of Winter (feat. Ray Toro),spotify:track:1tBZnhDT8xbgJTs43FiqrD,Perfect Playlist Pt 2
Hazy Shade of Winter (feat. Ray Toro),Gerard Way,Hazy Shade of Winter (feat. Ray Toro),spotify:track:1tBZnhDT8xbgJTs43FiqrD,Rock Paper Scissors
Heathens,Twenty One Pilots,Heathens,spotify:track:6i0V12jOa3mr6uu4WYhUBr,The Knew
Heaven Tonight,Cheap Trick,Surrender,spotify:track:2ccUQnjjNWT0rsNnsBpsCA,Rock Paper Scissors
High Voltage,AC/DC,T.N.T.,spotify:track:7LRMbd3LEoV5wZJvXT1Lwb,Rock Paper Scissors
Higher Truth,Chris Cornell,Nearly Forgot My Broken Heart,spotify:track:7MjRtWS2teufvOiMM0BARZ,The Knew
Highway to Hell,AC/DC,Highway to Hell,spotify:track:2zYzyRzz6pRmhPzyfMEC8s,Rock Paper Scissors
Hoist the Colours - Epic Version,Samuel Kim,Hoist the Colours - Epic Version,spotify:track:2yMz6SS46oKoffXRCf6alC,Perfect Playlist Pt 2
Hold My Home,Cold War Kids,First,spotify:track:3omXshBamrREltcf24gYDC,The Knew
"Hold On, I'm Comin'",Sam & Dave,"Hold On, I'm Comin'",spotify:track:6PgVDY8GTkxF3GmhVGPzoB,I Will Survive
Home of the Strange,Young the Giant,Something to Believe In,spotify:track:6L3VWDPDTQkQFkqvmpAUMU,The Knew
hometown,cleopatrick,hometown,spotify:track:6p8DGrcAUBuLUgDIKcUn0P,The Knew
Honeybee,Jono Smithers,Bring Back the Sunshine,spotify:track:6YXNIixPVHp1tPsz5vStt6,HOmeWorK BANgers
Honeybee,Jono Smithers,Cape Town,spotify:track:6C5mNGv8WLJTSXieENkhN1,HOmeWorK BANgers
Honeybee,Jono Smithers,Chasing Rainbows,spotify:track:4IG9W4RxzBUppgx3uKVdUH,HOmeWorK BANgers
Honeybee,Jono Smithers,Chasing Rainbows,spotify:track:4IG9W4RxzBUppgx3uKVdUH,Perfect Playlist Pt 2
Honeybee,Jono Smithers,Honeybee,spotify:track:51Xia4eaEU6si0IZsW4P3W,HOmeWorK BANgers
Honeybee,Jono Smithers,Honeybee,spotify:track:51Xia4eaEU6si0IZsW4P3W,I Will Survive
Honeybee,Jono Smithers,Honeybee,spotify:track:51Xia4eaEU6si0IZsW4P3W,Perfect Playlist Pt 2
Honeybee,Jono Smithers,Love Ain't Blind,spotify:track:2kH0e6vHi6RSJXUODxIHPC,HOmeWorK BANgers
Honeybee,Jono Smithers,Love Ain't Blind,spotify:track:2kH0e6vHi6RSJXUODxIHPC,Perfect Playlist Pt 2
Honeybee,Jono Smithers,Proud of It,spotify:track:3V5HS3rNiUSLChaHfXGLo4,Perfect Playlist Pt 2
Honeybee,Jono Smithers,Stuck in October,spotify:track:0m42DJCE0URRwRiRMOT1bu,HOmeWorK BANgers
Honeybee,Jono Smithers,Stuck in October,spotify:track:0m42DJCE0URRwRiRMOT1bu,Missing Her
Hooked On A Feeling - 40th Anniversary Collection,Blue Swede,Hooked On A Feeling,spotify:track:2Nz6aF1umHh5Et6I5H581L,"1 or 11? Its Aces, Charles!"
Hooked On A Feeling - 40th Anniversary Collection,Blue Swede,Hooked On A Feeling,spotify:track:2Nz6aF1umHh5Et6I5H581L,I Will Survive
Hooked On A Feeling - 40th Anniversary Collection,Blue Swede,Hooked On A Feeling,spotify:track:2Nz6aF1umHh5Et6I5H581L,Missing Her
Hotel California,Eagles,Hotel California - 2013 Remaster,spotify:track:40riOy7x9W7GXjyGp4pjAv,Rock Paper Scissors
Hôtel Costes 11,Waldeck,Why did we fire the gun ?,spotify:track:3faspWrVbnC8WMefK8g39e,The Knew
Hotel Diablo,Machine Gun Kelly,I Think I'm OKAY (with YUNGBLUD & Travis Barker),spotify:track:2gTdDMpNxIRFSiu7HutMCg,The Knew
How Did We Get So Dark?,Royal Blood,Lights Out,spotify:track:1060gzllf4b0UETAXisR5l,The Knew
How I Met Your Music,The Solids,"Hey Beautiful - From ""How I Met Your Mother""/Theme",spotify:track:1QvpsbjYAVVFvFrWVC0qnQ,"1 or 11? Its Aces, Charles!"
"How to: Friend, Love, Freefall",Rainbow Kitten Surprise,Painkillers,spotify:track:6fc51JZVE0Yijdi6RuoLFv,Perfect Playlist Pt 2
Hozier (Expanded Edition),Hozier,Take Me to Church,spotify:track:1CS7Sd1u5tWkstBhpssyjP,The Knew
Human,OneRepublic,Someday,spotify:track:6aDsgHPZsMztSbZernzlF8,The Knew
Hybrid Theory,Linkin Park,Crawling,spotify:track:57BrRMwf9LrcmuOsyGilwr,Rock Paper Scissors
Hybrid Theory,Linkin Park,In the End,spotify:track:60a0Rd6pjrkxjPbaKzXjfq,Missing Her
Hybrid Theory,Linkin Park,In the End,spotify:track:60a0Rd6pjrkxjPbaKzXjfq,Rock Paper Scissors
Hypersonic Missiles,Sam Fender,Hypersonic Missiles,spotify:track:6CltzquypraYIlWFp48m1O,The Knew
Hypersonic Missiles,Sam Fender,Will We Talk?,spotify:track:5g0HSob4PEq7M8blV6y70i,The Knew
I Ain’t Worried,OneRepublic,I Ain't Worried,spotify:track:4h9wh7iOZ0GGn8QVp4RAOB,The Knew
I Don't Want to Let You Down,Sharon Van Etten,Pay My Debts,spotify:track:5WrdLpKv1J1wCnwYqJKvx8,Missing Her
I Don't Want to Let You Down,Sharon Van Etten,Pay My Debts,spotify:track:5WrdLpKv1J1wCnwYqJKvx8,The Knew
I Love You.,The Neighbourhood,Sweater Weather,spotify:track:2QjOHCTQ1Jl3zawyYOpxh6,The Knew
Icky Thump,The White Stripes,Icky Thump,spotify:track:2LMq1O0NiqGhPOlXo3McYQ,Rock Paper Scissors
I'm with You,Red Hot Chili Peppers,The Adventures of Rain Dance Maggie,spotify:track:0PgNhIg5n0UAOBVn43b8b6,The Knew
Immortalized,Disturbed,The Sound of Silence,spotify:track:1Cj2vqUwlJVG27gJrun92y,I Will Survive
Immortalized,Disturbed,The Sound of Silence,spotify:track:1Cj2vqUwlJVG27gJrun92y,Missing Her
In Real Life,Tryhardninja,Take Back the Night,spotify:track:2DOAJh50Pa1UNoqGt7dTA9,HOmeWorK BANgers
In Your Honor,Foo Fighters,Best of You,spotify:track:5FZxsHWIvUsmSK1IAvm2pp,Rock Paper Scissors
Inception,Hans Zimmer,Dream Is Collapsing,spotify:track:5xKVYMxOHB2XRLCUafFrz6,HOmeWorK BANgers
Inception,Hans Zimmer,Time,spotify:track:6ZFbXIJkuI1dVNWvzJzown,HOmeWorK BANgers
Infinity On High,Fall Out Boy,"This Ain't A Scene, It's An Arms Race",spotify:track:1oagRT7LfpVlNJN6FSZDGp,The Knew
Infinity On High,Fall Out Boy,Thnks fr th Mmrs,spotify:track:3Zwu2K0Qa5sT6teCCHPShP,Missing Her
Insomniac,Green Day,Brain Stew,spotify:track:1nLnpLXvl68RZCSjfkyiaa,Rock Paper Scissors
Is This It,The Strokes,Someday,spotify:track:7hm4HTk9encxT0LYC0J6oI,The Knew
Isolate And Medicate,Seether,Nobody Praying For Me,spotify:track:3bq8WiQrEXMwPAibYs7tpu,The Knew
Isteri,Ours Samplus,Spell on You,spotify:track:5w2zI2TnxiP4DMcsA0P30M,Missing Her
Jump Up Calypso,Harry Belafonte,Jump in the Line,spotify:track:1zW2csx1vVJrKfvDrFQNVt,"1 or 11? Its Aces, Charles!"
Jump Up Calypso,Harry Belafonte,Jump in the Line,spotify:track:1zW2csx1vVJrKfvDrFQNVt,Missing Her
LA DIVINE,Cold War Kids,So Tied Up,spotify:track:3msS7xaelR4Oa0n7IwHkgF,Missing Her
LA DIVINE,Cold War Kids,So Tied Up,spotify:track:3msS7xaelR4Oa0n7IwHkgF,The Knew
Landmark,Hippo Campus,Buttercup,spotify:track:6iCJCZqDJjmBxt07Oid6FI,Perfect Playlist Pt 2
Lazaretto,Jack White,Lazaretto,spotify:track:3T76zPJz3tWL27FrjJe2ot,Rock Paper Scissors
Lazaretto,Jack White,Lazaretto,spotify:track:3T76zPJz3tWL27FrjJe2ot,The Knew
Leaders Of The Free World,Elbow,Leaders of the Free World,spotify:track:0FeKXParpIZgzNzzOeJiZY,I Will Survive
Led Zeppelin III,Led Zeppelin,Immigrant Song - Remaster,spotify:track:78lgmZwycJ3nzsdgmPPGNx,Rock Paper Scissors
Left for Dead,Lustra,Scotty Doesn't Know,spotify:track:1LkoYGxmYpO6QSEvY5C0Zl,The Knew
Leftoverture,Kansas,Carry on Wayward Son,spotify:track:4DMKwE2E2iYDKY01C335Uw,"1 or 11? Its Aces, Charles!"
Leftoverture,Kansas,Carry on Wayward Son,spotify:track:4DMKwE2E2iYDKY01C335Uw,I Will Survive
Leftoverture,Kansas,Carry on Wayward Son,spotify:track:4DMKwE2E2iYDKY01C335Uw,Rock Paper Scissors
Leftoverture,Kansas,Carry on Wayward Son,spotify:track:4DMKwE2E2iYDKY01C335Uw,The Knew
Let It Bleed,The Rolling Stones,Gimme Shelter,spotify:track:6H3kDe7CGoWYBabAeVWGiD,"1 or 11? Its Aces, Charles!"
Let It Bleed,The Rolling Stones,Gimme Shelter,spotify:track:6H3kDe7CGoWYBabAeVWGiD,Rock Paper Scissors
Let The Bad Times Roll,The Offspring,Coming For You,spotify:track:0FLmCEO4OccwwiHxveEpt1,The Knew
Let the Vultures In,Des Rocs,Let Me Live / Let Me Die,spotify:track:0AVIswXP3Q5FnlorjU0DbI,The Knew
Let's Throw a Party,Sammy Rae & The Friends,Jackie Onassis,spotify:track:2t034uMx7XDFSOEp48dXPI,Perfect Playlist Pt 2
Licensed To Ill,Beastie Boys,Fight For Your Right,spotify:track:5NLuC70kZQv8q34QyQa1DP,Rock Paper Scissors
Licensed To Ill,Beastie Boys,No Sleep Till Brooklyn,spotify:track:5qxChyzKLEyoPJ5qGrdurN,Rock Paper Scissors
Life Starts Now,Three Days Grace,Last to Know,spotify:track:1o4Pf2GIMDCD7ifIM2yI77,Perfect Playlist Pt 2
Light It Up With Me,Jono Smithers,Light It Up With Me,spotify:track:1uQMjKzZN3VKwdtyrB5Hra,Missing Her
Lightning Bolt,Pearl Jam,Sirens,spotify:track:1cAMXz9mnvrqyQLSG4KeeE,The Knew
Little Fictions,Elbow,Magnificent (She Says),spotify:track:7nZOHks3CYi2hAfRoVrolM,I Will Survive
Little Voice,Sara Bareilles,Gravity,spotify:track:4oa14QBfWRDfJy2agySy0L,I Will Survive
Little Voice,Sara Bareilles,Love Song,spotify:track:4E6cwWJWZw2zWf7VFbH7wf,I Will Survive
LIVING THINGS,Linkin Park,BURN IT DOWN,spotify:track:7oVEtyuv9NBmnytsCIsY5I,The Knew
Lock Me Up,The Cab,Stand Up,spotify:track:37OjMlwuUVWWmVKrV8CiUQ,The Knew
London Calling (Remastered),The Clash,London Calling - Remastered,spotify:track:5jzma6gCzYtKB1DbEwFZKH,Rock Paper Scissors
Long Way Down,Tom Odell,Another Love,spotify:track:7otCGmgp9h4CsR2LhwB6gt,The Knew
Love In The Future (Expanded Edition),John Legend,All of Me,spotify:track:3U4isOIWM3VvDubwSI3y7a,Missing Her
Love In The Future (Expanded Edition),John Legend,All of Me,spotify:track:3U4isOIWM3VvDubwSI3y7a,The Knew
Love Will Keep Us Together,Captain & Tennille,Love Will Keep Us Together,spotify:track:4pCNJwixy2ImFncaPY2yE2,"1 or 11? Its Aces, Charles!"
Love Will Keep Us Together,Captain & Tennille,Love Will Keep Us Together,spotify:track:4pCNJwixy2ImFncaPY2yE2,Missing Her
Lunatic,KONGOS,Come with Me Now,spotify:track:2kWowW0k4oFymhkr7LmvzO,"1 or 11? Its Aces, Charles!"
Lunatic,KONGOS,Come with Me Now,spotify:track:2kWowW0k4oFymhkr7LmvzO,Missing Her
MANIA,Fall Out Boy,The Last Of The Real Ones,spotify:track:6e13443Ve7RGcAUScTgYtl,The Knew
"Mario Kart Wii, The Themes",Arcade Player,"Coconut Mall (From ""Mario Kart Wii"")",spotify:track:1SOTqkhpIWoLX1AS9Y2RpU,Perfect Playlist Pt 2
Mechanical Bull (Expanded Edition),Kings of Leon,Supersoaker,spotify:track:4cQIbDqCZrHknxlDUjRHZ0,The Knew
Megalithic Symphony,AWOLNATION,Sail,spotify:track:7ueP5u2qkdZbIPN2YA6LR0,The Knew
Mellow Gold,Beck,Loser,spotify:track:5PntSbMHC1ud6Vvl8x56qd,Missing Her
Mellow Gold,Beck,Loser,spotify:track:5PntSbMHC1ud6Vvl8x56qd,Rock Paper Scissors
Metallica,Metallica,Enter Sandman,spotify:track:5BIMPccDwShpXq784RJlJp,Rock Paper Scissors
Meteora,Linkin Park,Faint,spotify:track:4Yf5bqU3NK4kNOypcrLYwU,Rock Paper Scissors
Meteora,Linkin Park,Numb,spotify:track:2nLtzopw4rPReszdYBJU6h,Rock Paper Scissors
Mezzanine,Massive Attack,Teardrop,spotify:track:67Hna13dNDkZvBpTXRIaOJ,"1 or 11? Its Aces, Charles!"
Millions,OLSSON,Hold On,spotify:track:3Wz5JAW46aCFe1BwZIePu6,The Knew
Mint,Alice Merton,No Roots,spotify:track:3D5wnLaeVlCCIPzQOOAirA,Missing Her
Mint,Alice Merton,No Roots,spotify:track:3D5wnLaeVlCCIPzQOOAirA,The Knew
Minutes to Midnight,Linkin Park,Bleed It Out,spotify:track:0UFDKFqW2oGspYeYqo9wjA,Rock Paper Scissors
Minutes to Midnight,Linkin Park,What I've Done,spotify:track:18lR4BzEs7e3qzc0KVkTpU,Rock Paper Scissors
Mister Asylum,Highly Suspect,Lydia,spotify:track:7yoBjKO6cCnK3zV8gr1k4e,The Knew
Mmhmm,Relient K,Be My Escape,spotify:track:5eK5xQl8EGzR5zYkxaDCAn,Missing Her
Monday Don't Mean Anything,Alabama 3,Monday Don’t Mean Anything To Me,spotify:track:1Cc7MrnBdhj6o2JzcOrQ8R,Rock Paper Scissors
Moskau - Das Neue Best Of Album,Dschinghis Khan,Moskau,spotify:track:5t77UGzgSBRDDnaxJvE9R3,"1 or 11? Its Aces, Charles!"
Mother's Milk,Red Hot Chili Peppers,Higher Ground - Remastered 2003,spotify:track:5arVt2Wg0zbiWwAOZef2Nl,Rock Paper Scissors
Moving Pictures,Rush,Tom Sawyer,spotify:track:06TY7FCbeT7Lu39oZ0IEsN,Rock Paper Scissors
My Thoughts On You,The Band CAMINO,2 / 14,spotify:track:2QwpEi3eNToZCCMMRcOj0u,Missing Her
My Thoughts On You,The Band CAMINO,2 / 14,spotify:track:2QwpEi3eNToZCCMMRcOj0u,Perfect Playlist Pt 2
My Type EP,Saint Motel,Cold Cold Man,spotify:track:6RKGBcDtgzXx21zUjpeu6F,Missing Her
Narrow Stairs,Death Cab for Cutie,Pity and Fear,spotify:track:2flYVvzlSI9Pg5gI6MqTJs,Missing Her
Narrow Stairs,Death Cab for Cutie,Pity and Fear,spotify:track:2flYVvzlSI9Pg5gI6MqTJs,Perfect Playlist Pt 2
Narrow Stairs,Death Cab for Cutie,Pity and Fear,spotify:track:2flYVvzlSI9Pg5gI6MqTJs,Rock Paper Scissors
Native,OneRepublic,I Lived,spotify:track:3IQF4xCQUPicbA4hWfTxPo,Missing Her
Native,OneRepublic,Love Runs Out,spotify:track:5BJSZocnCeSNeYMj3iVqM7,The Knew
Neotheater,AJR,100 Bad Days,spotify:track:17FK4etx1u2NK60cptINMS,The Knew
"Never Mind The Bollocks, Here's The Sex Pistols",Sex Pistols,God Save the Queen,spotify:track:6ui6l3ZNvlrGQZArwo8195,Rock Paper Scissors
"Never Mind The Bollocks, Here's The Sex Pistols",Sex Pistols,Holidays in the Sun,spotify:track:2e4RcQohKWo8oZIUfjxiGo,Rock Paper Scissors
Nevermind,Nirvana,Come As You Are,spotify:track:4P5KoWXOxwuobLmHXLMobV,Rock Paper Scissors
Nevermind,Nirvana,Smells Like Teen Spirit,spotify:track:5ghIJDpPoe3CfHMGu71E6T,Missing Her
Nevermind,Nirvana,Smells Like Teen Spirit,spotify:track:5ghIJDpPoe3CfHMGu71E6T,Rock Paper Scissors
Night Visions,Imagine Dragons,Radioactive,spotify:track:4G8gkOterJn0Ywt6uhqbhp,The Knew
Nightflight to Venus,Boney M.,Rasputin,spotify:track:5jkFvD4UJrmdoezzT1FRoP,"1 or 11? Its Aces, Charles!"
Nightflight to Venus,Boney M.,Rasputin,spotify:track:5jkFvD4UJrmdoezzT1FRoP,HOmeWorK BANgers
Nimrod,Green Day,Hitchin' a Ride,spotify:track:6WlmA3HPHuNIR2mxI8LkZF,Rock Paper Scissors
Nimrod,Green Day,King for a Day,spotify:track:3b2Tnh3Dd9ahRoNm28RfNM,Rock Paper Scissors
No Angel,Dido,Thank You,spotify:track:751gBcu62kORDelX7FV0mM,Missing Her
No Place Is Home,Welshly Arms,Legendary,spotify:track:2bDENJyfbxj0neGiXUFvIX,The Knew
No Sound Without Silence,The Script,Superheroes,spotify:track:37sINbJZcFdHFAsVNsPq1i,"1 or 11? Its Aces, Charles!"
Nothing But Thieves,Nothing But Thieves,Trip Switch,spotify:track:13QI6bq0U8HMK7gUpAwFBK,The Knew
Notos,The Oh Hellos,Constellations,spotify:track:7g3MdW9vvunaniaNq4C8Fe,Perfect Playlist Pt 2
"Now, Not Yet",half•alive,arrow,spotify:track:6HGDxEtcoUsztb2xeVOXTP,Missing Her
"Now, Not Yet",half•alive,arrow,spotify:track:6HGDxEtcoUsztb2xeVOXTP,Perfect Playlist Pt 2
"Now, Not Yet",half•alive,Pure Gold,spotify:track:06yksZ8eFxWyaCxxnbXd0q,Missing Her
"Now, Not Yet",half•alive,Pure Gold,spotify:track:06yksZ8eFxWyaCxxnbXd0q,Perfect Playlist Pt 2
"Now, Not Yet",half•alive,still feel.,spotify:track:48XkVAagIoQHCsOlJtXUd5,Missing Her
"Now, Not Yet",half•alive,still feel.,spotify:track:48XkVAagIoQHCsOlJtXUd5,Perfect Playlist Pt 2
Ocean Eyes,Owl City,Fireflies,spotify:track:3DamFFqW32WihKkTVlwTYQ,Missing Her
Oceans Will Rise,The Stills,Rooibos / Palm Wine Drinkard,spotify:track:5znosBlwL5YgVszQoTaqQo,Rock Paper Scissors
Oh My My,OneRepublic,Let's Hurt Tonight,spotify:track:05sCp83gcMm1iecYydKJS3,Missing Her
Oh My My,OneRepublic,Let's Hurt Tonight,spotify:track:05sCp83gcMm1iecYydKJS3,The Knew
"Oh, Inverted World",The Shins,New Slang,spotify:track:1wAqhAF1dynDjMy7m5CSSE,Perfect Playlist Pt 2
OK ORCHESTRA,AJR,Bang!,spotify:track:5FQPpxOXsvkMN6v18gtpwY,The Knew
OK ORCHESTRA,AJR,World's Smallest Violin,spotify:track:3jHBgKdLCf46aP3HRI0WYv,The Knew
"OK, I'M SICK",Badflower,Ghost,spotify:track:7w09r53aPON8ZUvEAnPe94,The Knew
Old Flint,Luke Sital-Singh,Dark,spotify:track:61KJrjXrNooCvc65CkSuTk,The Knew
Once Upon A Time,Simple Minds,Don't You (Forget About Me),spotify:track:3fH4KjXFYMmljxrcGrbPj9,I Will Survive
One By One (Expanded Edition),Foo Fighters,All My Life,spotify:track:6tsojOQ5wHaIjKqIryLZK6,Rock Paper Scissors
One By One (Expanded Edition),Foo Fighters,Times Like These,spotify:track:67vYdAAM3oGsEImCRfbtsF,Rock Paper Scissors
Only Revolutions,Biffy Clyro,Many of Horror,spotify:track:0Au4QRVX0hwIRVv1svcqhD,The Knew
Origin of Symmetry,Muse,Feeling Good,spotify:track:5Yj4AP0JGQWierBFKdKVyS,"1 or 11? Its Aces, Charles!"
Origin of Symmetry,Muse,Feeling Good,spotify:track:5Yj4AP0JGQWierBFKdKVyS,Missing Her
Origins,Imagine Dragons,Natural,spotify:track:2FY7b99s15jUprqC0M5NCT,The Knew
Out For Blood,Valley Of Wolves,Born Bold,spotify:track:7wCJEajRZOrCdQQz2OS73D,The Knew
Out For Blood,Valley Of Wolves,Lions Inside,spotify:track:5e7z058X5qWaR1z7ieqKZ5,The Knew
Out Of Our Heads,The Rolling Stones,(I Can't Get No) Satisfaction - Mono Version / Remastered 2002,spotify:track:7fSGbZLhWlAiCC3HDPAULu,Rock Paper Scissors
Out of the Blue,Electric Light Orchestra,Mr. Blue Sky,spotify:track:2RlgNHKcydI9sayD2Df2xp,"1 or 11? Its Aces, Charles!"
Out Of The Dark,RBYN,Out Of The Dark,spotify:track:2qyYTowbZTEmn6Z9HpSZY9,Missing Her
Out of Tune,The Backseat Lovers,Out of Tune,spotify:track:4r3Er3AOnUXFZY34F7tet8,Missing Her
Outrage! Is Now,Death From Above 1979,Freeze Me,spotify:track:50jXnyrzW4mcBBqFTMEoAC,The Knew
Overdose on We,Jono Smithers,Overdose on We,spotify:track:2d8IQlluUIWJ69Nc7IGMsS,Missing Her
OXYGEN: INHALE,Thousand Foot Krutch,Untraveled Road,spotify:track:3WG3wFBe9NgkWB1mNGE6fJ,Perfect Playlist Pt 2
OXYGEN: INHALE,Thousand Foot Krutch,Untraveled Road,spotify:track:3WG3wFBe9NgkWB1mNGE6fJ,The Knew
Pacific Daydream,Weezer,Feels Like Summer,spotify:track:2jz1bw1p0WQj0PDnVDP0uY,The Knew
Palm Trees and Power Lines,Sugarcult,Memory,spotify:track:0ChpoNjXfJPjMvCIN6so6J,Missing Her
Paramore,Paramore,Ain't It Fun,spotify:track:1j8z4TTjJ1YOdoFEDwJTQa,The Knew
Paramore,Paramore,Still into You,spotify:track:1yjY7rpaAQvKwpdUliHx0d,Missing Her
Paramore,Paramore,Still into You,spotify:track:1yjY7rpaAQvKwpdUliHx0d,The Knew
Paranoid,Black Sabbath,Paranoid - 2012 - Remaster,spotify:track:1Y373MqadDRtclJNdnUXVc,Rock Paper Scissors
Physical Graffiti,Led Zeppelin,Kashmir - 1990 Remaster,spotify:track:2nVHqZbOGkKWzlcy1aMbE7,Rock Paper Scissors
Pick a Universe,Tryhardninja,Find the Pieces,spotify:track:4CzJNaGhWWpbv36kpTIzhv,HOmeWorK BANgers
Pieces Of Eight,Styx,Renegade,spotify:track:1CQqupcyMg7176PPmIVmSj,I Will Survive
Pieces Of Eight,Styx,Renegade,spotify:track:1CQqupcyMg7176PPmIVmSj,Rock Paper Scissors
Pieces Of Eight,Styx,Renegade,spotify:track:1CQqupcyMg7176PPmIVmSj,The Knew
Point Of Know Return,Kansas,Dust in the Wind,spotify:track:6zeE5tKyr8Nu882DQhhSQI,I Will Survive
Point Of Know Return,Kansas,Dust in the Wind,spotify:track:6zeE5tKyr8Nu882DQhhSQI,Missing Her
Poison,Bell Biv DeVoe,Poison,spotify:track:6m59VvDUi0UQsB2eZ9wVbH,"1 or 11? Its Aces, Charles!"
Poison,Bell Biv DeVoe,Poison,spotify:track:6m59VvDUi0UQsB2eZ9wVbH,Missing Her
Port Of Morrow,The Shins,Simple Song,spotify:track:48bo7uexDvAThcRDvEB2W7,I Will Survive
Port Of Morrow,The Shins,Simple Song,spotify:track:48bo7uexDvAThcRDvEB2W7,Rock Paper Scissors
Post-War,M. Ward,Chinese Translation,spotify:track:66bI8teVSntNwjQGv3pRtF,Missing Her
Post-War,M. Ward,Chinese Translation,spotify:track:66bI8teVSntNwjQGv3pRtF,Rock Paper Scissors
Pressure,The Score,Born For This,spotify:track:5Sco7mbJy7p7vdDtJW10fZ,The Knew
Pressure,The Score,Stronger,spotify:track:0VeoSHlgashtg5JYPJjl15,The Knew
Pressure,The Score,The Fear,spotify:track:2cppGOIz0cuDnKoGzrDsJQ,The Knew
Psycho Jukebox,Jon Fratelli,Rhythm Doesn’t Make You A Dancer,spotify:track:23NTlcMUsISTRxeWfgTeLd,"1 or 11? Its Aces, Charles!"
Pure Fiction,Eric Hutchinson,Tell The World,spotify:track:0ifc4mq2mVNefgQFmtXQpt,Missing Her
Rage Against The Machine - XX (20th Anniversary Special Edition),Rage Against The Machine,Killing In The Name,spotify:track:59WN2psjkt1tyaxjspN8fp,Rock Paper Scissors
Ramones,Ramones,Blitzkrieg Bop - 2016 Remaster,spotify:track:4KcH1ZRV2W1q7Flq0QqC76,I Will Survive
Ramones,Ramones,Blitzkrieg Bop - 2016 Remaster,spotify:track:4KcH1ZRV2W1q7Flq0QqC76,Rock Paper Scissors
Random Access Memories,Daft Punk,Instant Crush (feat. Julian Casablancas),spotify:track:2cGxRwrMyEAp8dEbuZaVv6,Missing Her
Rare Breed,Zayde Wølf,Heroes,spotify:track:5UYYQuk6SjY3S892UuLXE3,The Knew
Rescue Me,OneRepublic,Rescue Me,spotify:track:0mjAU3yKR1QnXnHtjGJqTM,The Knew
Revolution Radio,Green Day,Bang Bang,spotify:track:278Ao6KQDxWGGszv24uvhI,Rock Paper Scissors
Revolution Radio,Green Day,Revolution Radio,spotify:track:3oqYMRKQcwyNmFn1VD2ukD,Rock Paper Scissors
Revolution Radio,Green Day,Say Goodbye,spotify:track:2OV1oB6LQWNw7kTOHU7Bua,Perfect Playlist Pt 2
Revolution Radio,Green Day,Still Breathing,spotify:track:19YmvsVCetCBeVj6O2mljR,Missing Her
Revolution Radio,Green Day,Still Breathing,spotify:track:19YmvsVCetCBeVj6O2mljR,The Knew
Revolution Radio,Green Day,Troubled Times,spotify:track:1bsQUnczB7JI4YnDzOjFMz,Perfect Playlist Pt 2
"Rise And Fall, Rage And Grace",The Offspring,"You're Gonna Go Far, Kid",spotify:track:6TfBA04WJ3X1d1wXhaCFVT,I Will Survive
"Rise And Fall, Rage And Grace",The Offspring,"You're Gonna Go Far, Kid",spotify:track:6TfBA04WJ3X1d1wXhaCFVT,Rock Paper Scissors
"Rise And Fall, Rage And Grace",The Offspring,"You're Gonna Go Far, Kid",spotify:track:6TfBA04WJ3X1d1wXhaCFVT,The Knew
Road to Ruin,Ramones,I Wanna Be Sedated,spotify:track:5NoQvINZLBV1wMYPdNmReL,I Will Survive
Robbers & Cowards,Cold War Kids,Saint John,spotify:track:6WdGnAq6FFe7xUVnKMSAAb,Rock Paper Scissors
Rock or Bust,AC/DC,Rock or Bust,spotify:track:2vyae4DvSU2gs8OMOGwXF2,Rock Paper Scissors
Roll It Back,LUTHI,Roll It Back,spotify:track:37VlraHNV0dkzrudtmtYUA,Perfect Playlist Pt 2
Rookie EP,Proleter,Throw It Back (feat. Taskrok),spotify:track:4xJfjJFbcgAs3AG60XT2zj,Perfect Playlist Pt 2
Roots,Imagine Dragons,Roots,spotify:track:4GITtbZtRCQXhWLMXrWXHt,The Knew
Royal Blood,Royal Blood,Figure It Out,spotify:track:6V0A3jkb9ntudO0kmcJ1xd,The Knew
Royal Blood,Royal Blood,Little Monster,spotify:track:3cuxZTcxBj7AL3bgSCIuWL,The Knew
Rumours,Fleetwood Mac,The Chain - 2004 Remaster,spotify:track:5e9TFTbltYBg2xThimr0rU,I Will Survive
Run,OneRepublic,Run,spotify:track:2UbVnbE5FH6008mAm6Mmgw,The Knew
Run (Look to the rising sun and run),MC Flavor Crew,Run (Look to the rising sun and run),spotify:track:0NrszVifrE7fsPT8yKQ0UV,The Knew
Running With Scissors,"""Weird Al"" Yankovic","The Saga Begins (Lyrical Adaption of ""American Pie"")",spotify:track:74sUbOF9Zm8LdGUJjxleTl,HOmeWorK BANgers
saintmotelevision,Saint Motel,For Elise,spotify:track:6i40XRqEwHAnSxwZWasMRp,Perfect Playlist Pt 2
saintmotelevision,Saint Motel,For Elise,spotify:track:6i40XRqEwHAnSxwZWasMRp,The Knew
saintmotelevision,Saint Motel,Move,spotify:track:4vuJuTLFomqItDrn482nzV,The Knew
saintmotelevision,Saint Motel,Sweet Talk,spotify:track:6kcHg7XL6SKyPNd78daRBL,The Knew
Sandstorm (The Remixes),Darude,Sandstorm,spotify:track:2lylyZl9S7rbp2FUP5IS0r,HOmeWorK BANgers
Savages,Theory of a Deadman,Angel,spotify:track:2qJkesdHu9sMMVFgkRkqhQ,The Knew
Save Rock And Roll,Fall Out Boy,Just One Yesterday,spotify:track:5OMCffelD9cnJCgG3xnHzU,The Knew
Save Rock And Roll,Fall Out Boy,My Songs Know What You Did In The Dark (Light Em Up),spotify:track:2E43WFS4rRc09za2r2GmZl,The Knew
Seagulls! (Stop It Now),Bad Lip Reading,Seagulls! (Stop It Now),spotify:track:471sXvN5C5vfMSBdKrGpo7,HOmeWorK BANgers
Sempiternal,Bring Me The Horizon,Can You Feel My Heart,spotify:track:0WSa1sucoNRcEeULlZVQXj,The Knew
Sharks,Imagine Dragons,Sharks,spotify:track:0TyUOnU4H4GLqOcrH0auc8,The Knew
Silver Memories: Our Vera,Vera Lynn,We'll Meet Again,spotify:track:6WdcvzQADmrL8nucimUV6r,I Will Survive
Simulation Theory,Muse,Pressure,spotify:track:3eSyMBd7ERw68NVB3jlRmW,The Knew
Sinners,Barns Courtney,Sinners,spotify:track:0eUgkunDciOOiao9Sjw3PW,Perfect Playlist Pt 2
Sinners,Barns Courtney,Sinners,spotify:track:0eUgkunDciOOiao9Sjw3PW,The Knew
Sinners Never Sleep,You Me At Six,Bite My Tongue,spotify:track:1FIWe0EWWE6D8soz2ZsMuM,The Knew
Slippery When Wet,Bon Jovi,Wanted Dead Or Alive,spotify:track:2fY6tqgrlrg1ky9fgs0t5u,Rock Paper Scissors
Slippery When Wet,Bon Jovi,You Give Love A Bad Name,spotify:track:0rmGAIH9LNJewFw7nKzZnc,Rock Paper Scissors
Smash,The Offspring,Come Out and Play,spotify:track:5JJDu0Z5DKe7mR31MGksSg,Missing Her
Smash Mouth,Smash Mouth,I'm A Believer,spotify:track:0C9jZPUv4SuaXkuEQw6L40,Missing Her
Smells Like Teen Spirit,Malia J,Smells Like Teen Spirit,spotify:track:1gnSosKDAUGYPTkTLiG5DW,I Will Survive
Smoke + Mirrors,Imagine Dragons,I’m So Sorry,spotify:track:4o74y4XY1ypNZkZtZkK8Wi,Missing Her
Smoke + Mirrors,Imagine Dragons,I’m So Sorry,spotify:track:4o74y4XY1ypNZkZtZkK8Wi,The Knew
So Divided,...And You Will Know Us by the Trail of Dead,Wasted State Of Mind,spotify:track:16XbElFPv3A7TrzRJntVYd,Missing Her
So Divided,...And You Will Know Us by the Trail of Dead,Wasted State Of Mind,spotify:track:16XbElFPv3A7TrzRJntVYd,Rock Paper Scissors
So Jealous,Tegan and Sara,Where Does the Good Go,spotify:track:0L7QCEXQBDAtEyK1x72Sw0,I Will Survive
Some Nights,fun.,Carry On,spotify:track:7gpy7sfWPNuOKmUNs3XQYE,I Will Survive
Some Nights,fun.,Carry On,spotify:track:7gpy7sfWPNuOKmUNs3XQYE,Missing Her
Some Nights,fun.,Some Nights,spotify:track:6t6oULCRS6hnI7rm0h5gwl,"1 or 11? Its Aces, Charles!"
Some Nights,fun.,Some Nights,spotify:track:6t6oULCRS6hnI7rm0h5gwl,Missing Her
Something Sweet,Stolen Gin,Analie,spotify:track:6xlQ5j4YZ1VRFjQkzNd7zP,The Knew
Something Sweet,Stolen Gin,Second to the Sun,spotify:track:5COoh9Cj3UlUNNhAoVYEHM,The Knew
Songs For The Deaf,Queens of the Stone Age,Go With The Flow,spotify:track:45DElIx0dXqUH4A88yQFdE,Rock Paper Scissors
Songs For The Deaf,Queens of the Stone Age,No One Knows,spotify:track:6NvRxjfYkkT2SpirAlmsjH,Rock Paper Scissors
Songs From The Big Chair,Tears For Fears,Everybody Wants To Rule The World,spotify:track:4RvWPyQ5RL0ao9LPZeSouE,Perfect Playlist Pt 2
Songs Of Experience,U2,You’re The Best Thing About Me,spotify:track:2dhJM2skHC9D41gHj34Kgw,The Knew
Speaking of Happiness (Rub-a-Dub Edit),Gloria Lynne,Speaking of Happiness - Rub-a-Dub Edit,spotify:track:5XdZdjO26hq34gWzlSROpc,The Knew
Spirit In The Sky,Norman Greenbaum,Spirit In The Sky - Deluxe Edition,spotify:track:0jvN7eQJJt4nxQzgQfZ1SP,"1 or 11? Its Aces, Charles!"
Stand Up,Dave Matthews Band,Stand Up (For It),spotify:track:0UxvDe61JZFfDopF1hM6Hp,I Will Survive
Stand Up,Dave Matthews Band,Stand Up (For It),spotify:track:0UxvDe61JZFfDopF1hM6Hp,Perfect Playlist Pt 2
Stand Up,Dave Matthews Band,Stand Up (For It),spotify:track:0UxvDe61JZFfDopF1hM6Hp,Rock Paper Scissors
"Star Wars: Epic Collection, Vol. 3",Samuel Kim,The Clone Wars Suite,spotify:track:0xySiFrYAFBURjqBfNxGGQ,Perfect Playlist Pt 2
Star Wars: The Dark Side Collection,Samuel Kim,Battle of the Heroes & Duel of the Fates,spotify:track:0TEIDr48LtmOq4t3HRAorh,Perfect Playlist Pt 2
Star Wars: The Dark Side Collection,Samuel Kim,Duel of the Fates - Epic Version,spotify:track:5wqFGXrd6gHaDcVMY5DDbd,Perfect Playlist Pt 2
State of Mind,The Faim,Summer Is a Curse,spotify:track:5WzgYEfub2pFJAAZfrOult,The Knew
Stay,The Score,In My Bones,spotify:track:6e7HeiJ73JX3VWTWsElnIr,The Knew
Stay,The Score,Rush,spotify:track:2xrW6sZRmahuSAQMxO4BmJ,The Knew
Stealers Wheel,Stealers Wheel,Stuck In The Middle With You,spotify:track:3Vby4nGmtbDo7HDJamOWkT,I Will Survive
Stomping Ground,Goldfinger,99 Red Balloons,spotify:track:0rOTMSSa6yscfOrGnzfheM,"1 or 11? Its Aces, Charles!"
Stomping Ground,Goldfinger,99 Red Balloons,spotify:track:0rOTMSSa6yscfOrGnzfheM,I Will Survive
Stomping Ground,Goldfinger,99 Red Balloons,spotify:track:0rOTMSSa6yscfOrGnzfheM,Missing Her
Straight Outta Lynwood,"""Weird Al"" Yankovic","White & Nerdy (Parody of ""Ridin'"" by Chamillionaire feat. Krayzie Bone)",spotify:track:60R2v9lheAu3lwZwAFxMZK,HOmeWorK BANgers
Straight Outta Lynwood,"""Weird Al"" Yankovic","White & Nerdy (Parody of ""Ridin'"" by Chamillionaire feat. Krayzie Bone)",spotify:track:60R2v9lheAu3lwZwAFxMZK,I Will Survive
Stranger In Town,Bob Seger,Old Time Rock & Roll,spotify:track:5EOoMWIB9iK4ZpcSex9Ec7,I Will Survive
Stranger In Town,Bob Seger,Old Time Rock & Roll,spotify:track:5EOoMWIB9iK4ZpcSex9Ec7,Rock Paper Scissors
Strawberry,Andrew Montana,Strawberry,spotify:track:0VB2DbuUCBkDuD5ZMJxPJN,Perfect Playlist Pt 2
Strays,Jane's Addiction,Just Because,spotify:track:3k6L0H08zSY5yRDgqI8fqx,Rock Paper Scissors
Strays,Jane's Addiction,Superhero,spotify:track:6z4CTIToU7a03Rq07F9FF4,"1 or 11? Its Aces, Charles!"
Strays,Jane's Addiction,Superhero,spotify:track:6z4CTIToU7a03Rq07F9FF4,The Knew
Suicidal Tendencies,Suicidal Tendencies,Institutionalized,spotify:track:7G83ZwD2msTtFaBQExc8QB,Rock Paper Scissors
Sunshine on Leith,The Proclaimers,I'm Gonna Be (500 Miles),spotify:track:67iAlVNDDdddxqSD2EZhFs,"1 or 11? Its Aces, Charles!"
Sunshine on Leith,The Proclaimers,I'm Gonna Be (500 Miles),spotify:track:67iAlVNDDdddxqSD2EZhFs,I Will Survive
Superunknown,Soundgarden,Black Hole Sun,spotify:track:2EoOZnxNgtmZaD8uUmz2nD,I Will Survive
Superunknown,Soundgarden,Black Hole Sun,spotify:track:2EoOZnxNgtmZaD8uUmz2nD,Missing Her
Sweet Dreams (Are Made Of This),Eurythmics,Sweet Dreams (Are Made of This) - Remastered,spotify:track:1TfqLAPs4K3s2rJMoCokcS,The Knew
Take Off Your Pants And Jacket,blink-182,First Date,spotify:track:1fJFuvU2ldmeAm5nFIHcPP,Missing Her
Tales of the Forgotten Melodies,Wax Tailor,Que Sera,spotify:track:6TSDRzJGwbK9cajVbtqlPV,Missing Her
Tell Me I'm Pretty,Cage The Elephant,Mess Around,spotify:track:0X0Lz7LwpiIWcdGqVWaxXD,The Knew
Ten,Pearl Jam,Even Flow,spotify:track:6QewNVIDKdSl8Y3ycuHIei,Missing Her
Tension Release,Stolen Gin,Tension Release,spotify:track:6c2LZZAqbbDdzl2xnQzaij,The Knew
That Look,Jono Smithers,That Look,spotify:track:5X170QrlhnifIkvCRRXMlu,Missing Her
That's The Spirit,Bring Me The Horizon,Throne,spotify:track:0M3adYbGtyRHACP86dey1H,The Knew
The Animals,The Animals,House Of The Rising Sun,spotify:track:7BY005dacJkbO6EPiOh2wb,I Will Survive
The Animals,The Animals,House Of The Rising Sun,spotify:track:7BY005dacJkbO6EPiOh2wb,Rock Paper Scissors
The Attractions Of Youth,Barns Courtney,Champion,spotify:track:0FNLnZRNWEIbGsb8jkU2lv,The Knew
The Attractions Of Youth,Barns Courtney,Fire,spotify:track:5w6B0sAH7XauCvMOAtplQj,The Knew
The Attractions Of Youth,Barns Courtney,Glitter & Gold,spotify:track:1Mf27cnAF1Q6Ko83XTM5d1,The Knew
The Attractions Of Youth,Barns Courtney,Golden Dandelions,spotify:track:5vdNoFezjTsQTrZxPK8tDg,The Knew
The Attractions Of Youth,Barns Courtney,Hands,spotify:track:4n2G1Wxz1gYxe7AhYV7N9E,The Knew
The Attractions Of Youth,Barns Courtney,Hellfire,spotify:track:00RI7b6oZDjx6IQC2eH6bh,The Knew
The Battle Of Los Angeles,Rage Against The Machine,Guerrilla Radio,spotify:track:1wsRitfRRtWyEapl0q22o8,Rock Paper Scissors
The Battle Of Los Angeles,Rage Against The Machine,Sleep Now In the Fire,spotify:track:1MQTmpYOZ6fcMQc56Hdo7T,Rock Paper Scissors
The Battle Of Los Angeles,Rage Against The Machine,Testify,spotify:track:7lmeHLHBe4nmXzuXc0HDjk,Rock Paper Scissors
The Beta Band,The Beta Band,Round the Bend,spotify:track:2Cofcx2rfbaoz5SUh7IJzj,Rock Paper Scissors
The Black And White Album,The Hives,Tick Tick Boom,spotify:track:6tedQ1ZmbygqhbdcfJL7Xb,Rock Paper Scissors
The Black Market,Rise Against,I Don’t Want To Be Here Anymore,spotify:track:6qtg4gz3DhqOHL5BHtSQw8,The Knew
The Black Parade,My Chemical Romance,Welcome to the Black Parade,spotify:track:5wQnmLuC1W7ATsArWACrgW,Missing Her
The Blessed Unrest,Sara Bareilles,Brave,spotify:track:6Uy6K3KdmUdAfelUp0SeXn,I Will Survive
The Blessed Unrest,Sara Bareilles,Hercules,spotify:track:1Ng4tk8lYfiwXbw4t8gdA2,I Will Survive
The Blessed Unrest,Sara Bareilles,I Choose You,spotify:track:7jJH8F3PHlNvxfqEAAfFDl,I Will Survive
The Blessed Unrest,Sara Bareilles,Satellite Call,spotify:track:0Jab895fPkyyQdNkMl6nYi,I Will Survive
The Click,AJR,Burn The House Down,spotify:track:0TkJIyL69RAUIbNwGub6uR,The Knew
The Click,AJR,Sober Up (feat. Rivers Cuomo),spotify:track:5jiYx70OBzEI99jx1Gn3FN,The Knew
The Colour And The Shape,Foo Fighters,Everlong,spotify:track:5UWwZ5lm5PKu6eKsHAGxOk,Rock Paper Scissors
The Colour And The Shape,Foo Fighters,Monkey Wrench,spotify:track:44wXefe8WB9Fd6xwtmAwbR,Rock Paper Scissors
The Colour And The Shape,Foo Fighters,My Hero,spotify:track:4dVbhS6OiYvFikshyaQaCN,Rock Paper Scissors
The Cost of Living - EP,The Clash,I Fought the Law,spotify:track:5dAxeuDkIkpa6wZpMOuG9i,Rock Paper Scissors
The Crane Wife,The Decemberists,Yankee Bayonet (I Will Be Home Then),spotify:track:56mkN44UC6FDePPdWknUYj,I Will Survive
The Crane Wife,The Decemberists,Yankee Bayonet (I Will Be Home Then),spotify:track:56mkN44UC6FDePPdWknUYj,Perfect Playlist Pt 2
The Crane Wife,The Decemberists,Yankee Bayonet (I Will Be Home Then),spotify:track:56mkN44UC6FDePPdWknUYj,Rock Paper Scissors
The Dark Side of the Moon,Pink Floyd,Money,spotify:track:0vFOzaXqZHahrZp6enQwQb,Rock Paper Scissors
The Devil You Know,X Ambassadors,The Devil You Know,spotify:track:5MEKqNAOlgt3sh5o0iq8EM,The Knew
The End Is Where We Begin,Thousand Foot Krutch,Courtesy Call,spotify:track:0AOmbw8AwDnwXhHC3OhdVB,Perfect Playlist Pt 2
The End Is Where We Begin,Thousand Foot Krutch,Fly On the Wall,spotify:track:61nJplehv0WVUKMQX0pd8O,Perfect Playlist Pt 2
The Essential Bangles,The Bangles,Walk Like an Egyptian,spotify:track:1Jwc3ODLQxtbnS8M9TflSP,I Will Survive
The Getaway,Red Hot Chili Peppers,Dark Necessities,spotify:track:2oaK4JLVnmRGIO9ytBE1bt,The Knew
The Glorious Dead,The Heavy,What Makes A Good Man?,spotify:track:3nGWzFBJ5tMzHWAgs16fK6,The Knew
The Golden Age,Woodkid,Run Boy Run,spotify:track:0boS4e6uXwp3zAvz1mLxZS,The Knew
The Golden Hum,Remy Zero,Save Me,spotify:track:4pkFvX3AkuiSGPkv8gMlks,"1 or 11? Its Aces, Charles!"
The Golden Hum,Remy Zero,Save Me,spotify:track:4pkFvX3AkuiSGPkv8gMlks,Missing Her
The Good Life,Sammy Rae & The Friends,Talk It Up,spotify:track:7FQCZ5i5bmQ76LoGHyVcX0,Perfect Playlist Pt 2
The Head And The Heart,The Head And The Heart,Cats and Dogs,spotify:track:7DxS1kCKQpcQXSjaJYBFso,The Knew
The Head And The Heart,The Head And The Heart,Coeur D’Alene,spotify:track:2bI4XBDk7MLV6mBjXDXXqi,The Knew
The Head And The Heart,The Head And The Heart,Down in the Valley,spotify:track:7IcKs2XXHnQBtBJtzEyqqS,The Knew
The Head And The Heart,The Head And The Heart,Ghosts,spotify:track:6mgHUic0CoWrKR7fR57CG3,The Knew
The Head And The Heart,The Head And The Heart,Heaven Go Easy on Me,spotify:track:2hjwmqX8eJaru8AR5Ll2N5,The Knew
The Head And The Heart,The Head And The Heart,Honey Come Home,spotify:track:3jY7HsEa1OfnhIBoBg90TF,The Knew
The Head And The Heart,The Head And The Heart,Lost in My Mind,spotify:track:3n263SWk3jGYfGMxHIRukn,The Knew
The Head And The Heart,The Head And The Heart,Rivers and Roads,spotify:track:3z7kvwJVRfA4HCOfm9ngog,"1 or 11? Its Aces, Charles!"
The Head And The Heart,The Head And The Heart,Rivers and Roads,spotify:track:3z7kvwJVRfA4HCOfm9ngog,Missing Her
The Head And The Heart,The Head And The Heart,Rivers and Roads,spotify:track:3z7kvwJVRfA4HCOfm9ngog,The Knew
The Head And The Heart,The Head And The Heart,Sounds Like Hallelujah,spotify:track:68axG1hoBwBlsaqbZCaPaL,The Knew
The Head And The Heart,The Head And The Heart,Winter Song,spotify:track:5nbzSunBRFGCI4Pb6PoCat,The Knew
The Heist,Macklemore & Ryan Lewis,Can't Hold Us (feat. Ray Dalton),spotify:track:3bidbhpOYeV4knp8AIu8Xn,The Knew
The Hobbit: The Battle of the Five Armies (Original Motion Picture Soundtrack),Billy Boyd,The Last Goodbye,spotify:track:0j2Tw0MkOFKzXpwJLzW3vD,Perfect Playlist Pt 2
The Hobbit: The Desolation of Smaug (Original Motion Picture Soundtrack),Ed Sheeran,I See Fire,spotify:track:1fu5IQSRgPxJL2OTP7FVLW,Missing Her
The House That Dirt Built,The Heavy,Short Change Hero,spotify:track:7JOizhmt3HlBgQyJEa0AgK,The Knew
The Lord of the Rings: The Return of the King,Annie Lennox,Into the West,spotify:track:0gSEyG7pOFuHM05433EibX,Perfect Playlist Pt 2
The Man from U.N.C.L.E. (Original Motion Picture Soundtrack),Daniel Pemberton,Take You Down,spotify:track:2oloWUrkFHnVNA09IbzjZQ,"1 or 11? Its Aces, Charles!"
The Mandalorian: Chapter 8,Ludwig Göransson,The Baby,spotify:track:2hpBErFRab0qwNSzgglCNk,HOmeWorK BANgers
The Oh Hellos EP,The Oh Hellos,Hello My Old Heart,spotify:track:66MXa8qDIQRtwuxuNtjNCu,Missing Her
The Oh Hellos EP,The Oh Hellos,Hello My Old Heart,spotify:track:66MXa8qDIQRtwuxuNtjNCu,Perfect Playlist Pt 2
The Oh Hellos EP,The Oh Hellos,Hello My Old Heart,spotify:track:66MXa8qDIQRtwuxuNtjNCu,The Knew
The Open Door,Evanescence,Call Me When You're Sober,spotify:track:663Karu2rvKLdnY0eo1n3M,I Will Survive
The Paradox,Jacob Banks,Unknown,spotify:track:6n9uu6BeRNZwcvbomzKe2W,The Knew
The Razors Edge,AC/DC,Thunderstruck,spotify:track:57bgtoPSgt236HzfBOd8kj,Rock Paper Scissors
The Resistance,Muse,Uprising,spotify:track:4VqPOruhp5EdPBeR92t6lQ,Perfect Playlist Pt 2
The Resistance,Muse,Uprising,spotify:track:4VqPOruhp5EdPBeR92t6lQ,Rock Paper Scissors
The Ride,Catfish and the Bottlemen,7,spotify:track:5ykbOijJEfRhuo2Td1m0Qd,The Knew
The Rise and Fall of Ziggy Stardust and the Spiders from Mars,David Bowie,Starman - 2012 Remaster,spotify:track:0pQskrTITgmCMyr85tb9qq,"1 or 11? Its Aces, Charles!"
The Seldom Seen Kid,Elbow,Grounds for Divorce,spotify:track:6gCeQ6xJs2tYdLRzCPxeTZ,I Will Survive
The Seldom Seen Kid,Elbow,Grounds for Divorce,spotify:track:6gCeQ6xJs2tYdLRzCPxeTZ,Perfect Playlist Pt 2
The Seldom Seen Kid,Elbow,Mirrorball,spotify:track:04xBdpu35JfdRI4S1t5mX2,I Will Survive
The Seldom Seen Kid,Elbow,One Day Like This,spotify:track:6H3S7yQjHn3ErG9o6v7qBs,I Will Survive
The Ultimate Collection,Black Sabbath,War Pigs,spotify:track:0HVQuuXGAcQ2P5mBN521ae,Rock Paper Scissors
The Very Best of Bonnie Tyler,Bonnie Tyler,Total Eclipse of the Heart,spotify:track:7wuJGgpTNzbUyn26IOY6rj,I Will Survive
The Warrior's Code,Dropkick Murphys,I'm Shipping Up To Boston,spotify:track:7rSERmjAT38lC5QhJ8hnQc,Rock Paper Scissors
The Young and The Hopeless,Good Charlotte,Lifestyles of the Rich & Famous,spotify:track:2g2a5kDeZexbUTD8abcvm6,"1 or 11? Its Aces, Charles!"
The Young and The Hopeless,Good Charlotte,The Anthem,spotify:track:0BRHnOFm6sjxN1i9LJrUDu,Missing Her
There Is Nothing Left To Lose,Foo Fighters,Learn to Fly,spotify:track:5OQsiBsky2k2kDKy2bX2eT,Rock Paper Scissors
Thirteen Tales From Urban Bohemia,The Dandy Warhols,Bohemian Like You,spotify:track:0yEhNqCwEfy8LHUmnZoHpP,Missing Her
Thirteen Tales From Urban Bohemia,The Dandy Warhols,Bohemian Like You,spotify:track:0yEhNqCwEfy8LHUmnZoHpP,Rock Paper Scissors
This Album Does Not Exist,DREAMERS,Painkiller,spotify:track:15BsrefgYpMgu1ZCIr8EJw,"1 or 11? Its Aces, Charles!"
This Album Does Not Exist,DREAMERS,Painkiller,spotify:track:15BsrefgYpMgu1ZCIr8EJw,Missing Her
This Album Does Not Exist,DREAMERS,Painkiller,spotify:track:15BsrefgYpMgu1ZCIr8EJw,The Knew
This Album Does Not Exist,DREAMERS,Sweet Disaster,spotify:track:7bEDDsy2LFC0KSqhZp5nPE,The Knew
This Is War,Thirty Seconds To Mars,Kings And Queens,spotify:track:4sjLcE0GQ6urc4iUXsUPe9,The Knew
This Is War,Thirty Seconds To Mars,This Is War,spotify:track:2D52zjCyqEIQa221lhw6uk,"1 or 11? Its Aces, Charles!"
This Is War,Thirty Seconds To Mars,This Is War,spotify:track:2D52zjCyqEIQa221lhw6uk,The Knew
Three Cheers for Sweet Revenge,My Chemical Romance,I'm Not Okay (I Promise),spotify:track:7lRlq939cDG4SzWOF4VAnd,Missing Her
Three Days Grace,Three Days Grace,I Hate Everything About You,spotify:track:0M955bMOoilikPXwKLYpoi,Missing Her
Three Dog Night,Three Dog Night,One - Single Version,spotify:track:4ME2YQNThxEW63fxojzHvN,"1 or 11? Its Aces, Charles!"
Three Dog Night,Three Dog Night,One - Single Version,spotify:track:4ME2YQNThxEW63fxojzHvN,I Will Survive
Three Dog Night,Three Dog Night,One - Single Version,spotify:track:4ME2YQNThxEW63fxojzHvN,Missing Her
To Be Everywhere Is To Be Nowhere,Thrice,Black Honey,spotify:track:5OeY5LebIOzD9Zvat1Dikf,The Knew
Too Rye Ay,Dexys Midnight Runners,Come On Eileen,spotify:track:3MrWxJaD2AT0W9DjWF64Vm,"1 or 11? Its Aces, Charles!"
Top of the World 2,Stephen Walking,Top of the World 2,spotify:track:6s0iSdv9dForfYwakxE81m,HOmeWorK BANgers
Toto,TOTO,Hold the Line,spotify:track:4aVuWgvD0X63hcOCnZtNFA,I Will Survive
Toto IV,TOTO,Rosanna,spotify:track:37BTh5g05cxBIRYMbw8g2T,I Will Survive
Toys In The Attic,Aerosmith,Walk This Way,spotify:track:5SZ6zX4rOrEQferfFC2MfP,I Will Survive
Toys In The Attic,Aerosmith,Walk This Way,spotify:track:5SZ6zX4rOrEQferfFC2MfP,Rock Paper Scissors
Transmissions,STARSET,My Demons,spotify:track:3Xfg7AegXaDLoD5GOUMf2e,The Knew
Tribute,John Newman,Love Me Again,spotify:track:5VSCgNlSmTV2Yq5lB40Eaw,Missing Her
Tribute,John Newman,Love Me Again,spotify:track:5VSCgNlSmTV2Yq5lB40Eaw,The Knew
Up From Below (10th Anniversary Edition),Edward Sharpe & The Magnetic Zeros,Home - 2019 - Remaster,spotify:track:7KWGfnsUU4Ri46TIvjpAPx,Missing Her
Urban Hymns,The Verve,Bitter Sweet Symphony - Remastered 2016,spotify:track:57iDDD9N9tTWe75x6qhStw,I Will Survive
Use Your Illusion I,Guns N' Roses,Live And Let Die,spotify:track:0rFWuqFgHAfuzE8uSB9TWR,Rock Paper Scissors
Vat Hom Fluffy,Jono Smithers,Vat Hom Fluffy,spotify:track:5cOIGLOrxSdnMm8aIRyRCt,Perfect Playlist Pt 2
Vessel,Twenty One Pilots,House of Gold,spotify:track:36tghkPg1AO4HsAzo6YpPp,Missing Her
"Video Game Songs, Vol. 2",Tryhardninja,Dragonhearted,spotify:track:1aZb15alCyanO61gVWpNnw,HOmeWorK BANgers
Villains,Queens of the Stone Age,The Way You Used To Do,spotify:track:52LL3IFB8N3PaJmoZ8Xii1,The Knew
Violent Femmes,Violent Femmes,Add It Up,spotify:track:3G19lVvFje61D7q1uG3QjD,Rock Paper Scissors
Violent Femmes,Violent Femmes,Add It Up,spotify:track:61QW3AcU1jm5ttPOn8eZhn,Perfect Playlist Pt 2
Violent Femmes,Violent Femmes,Add It Up,spotify:track:61QW3AcU1jm5ttPOn8eZhn,The Knew
Viva La Vida or Death and All His Friends,Coldplay,Viva La Vida,spotify:track:1mea3bSkSGXuIRvnydlB5b,"1 or 11? Its Aces, Charles!"
Waiting For The Dawn,The Mowgli's,San Francisco,spotify:track:5RRWirYSE08FPKD6Mx4v0V,"1 or 11? Its Aces, Charles!"
Waiting For The Dawn,The Mowgli's,San Francisco,spotify:track:5RRWirYSE08FPKD6Mx4v0V,Missing Her
Wake Up Call,Theory of a Deadman,Rx (Medicate),spotify:track:2UZtI2HUyLRzqBjodvcUmY,Missing Her
Wake Up Call,Theory of a Deadman,Rx (Medicate),spotify:track:2UZtI2HUyLRzqBjodvcUmY,The Knew
Waking Up,OneRepublic,Everybody Loves Me,spotify:track:0Q0Vl9fKJF5MDxfVKbD78e,"1 or 11? Its Aces, Charles!"
Waking Up,OneRepublic,Secrets,spotify:track:1NhPKVLsHhFUHIOZ32QnS2,The Knew
Waking Up The Giants,Grizfolk,Troublemaker,spotify:track:472mFdP6wkHO6xzKn5F4et,The Knew
WALLS,Kings of Leon,Waste A Moment,spotify:track:5LlsD7LdSMkGV4Iu0a2Zq0,The Knew
Warning,Green Day,Minority,spotify:track:4qjfQnccStTR8zNsb6Mizo,Rock Paper Scissors
Warning,Green Day,Minority,spotify:track:4qjfQnccStTR8zNsb6Mizo,The Knew
"Wasteland, Baby!",Hozier,Sunlight,spotify:track:4zvvvHm0b5CBl37tocxm7n,Perfect Playlist Pt 2
Wasting Light,Foo Fighters,Walk,spotify:track:76Je5Wklky23mVoxiRszcN,Rock Paper Scissors
Wasting Light,Foo Fighters,Walk,spotify:track:76Je5Wklky23mVoxiRszcN,The Knew
We Are The Night,Madison Mars,We Are The Night,spotify:track:44wpzPHkSow8pQPZDSGOit,HOmeWorK BANgers
weird!,YUNGBLUD,parents,spotify:track:5v4OkFH0TJ6W1hCFxyn0px,The Knew
Welcome To The Monkey House,The Dandy Warhols,I Am Over It,spotify:track:12bXhqLyUIWK2S1bp3XdJt,Rock Paper Scissors
What Lana Says,Proleter,What Lana Says,spotify:track:5l1deuLMR3ZqRAdq5SpVeE,HOmeWorK BANgers
What We Live For,American Authors,I'm Born To Run,spotify:track:6zDs6zI94L761vd0cVScTT,The Knew
What Went Down,Foals,Mountain at My Gates,spotify:track:3f7OyfSoDbQC0LRDQiytPp,The Knew
What's Inside: Songs from Waitress,Sara Bareilles,She Used To Be Mine,spotify:track:2D4BSm5Z8Hq5zYbSgJwEOh,I Will Survive
When the Morning Comes,A Great Big World,Kaleidoscope,spotify:track:2SkJKMfjpYsNv0KWOxiegX,Missing Her
Where'd Your Weekend Go?,The Mowgli's,Alone Sometimes,spotify:track:0ne8iNLplH15M6EtgzPkf0,Missing Her
White Blood Cells,The White Stripes,Fell In Love With a Girl,spotify:track:21Qsj3cMVCx2xF2EVVNbEu,Missing Her
White Blood Cells,The White Stripes,Fell In Love With a Girl,spotify:track:21Qsj3cMVCx2xF2EVVNbEu,Rock Paper Scissors
Wild World,Bastille,Blame,spotify:track:7yrx5A6zDOsd7Bn02WvbLH,The Knew
Willy And The Poor Boys,Creedence Clearwater Revival,Fortunate Son,spotify:track:4BP3uh0hFLFRb5cjsgLqDh,"1 or 11? Its Aces, Charles!"
Willy And The Poor Boys,Creedence Clearwater Revival,Fortunate Son,spotify:track:4BP3uh0hFLFRb5cjsgLqDh,Rock Paper Scissors
With Love - EP,Oh Honey,I Love You Will Still Sound The Same,spotify:track:6KRddNr4XlooytDWtefT7L,Missing Her
Wolfmother,Wolfmother,Woman,spotify:track:3CkjLJYnnyOtGk4Jx4iYS4,Rock Paper Scissors
Wonderful Wonderful,The Killers,Run For Cover,spotify:track:5NAiPIEzxAexFE3ucV18Q8,The Knew
Woodland,The Paper Kites,Bloom - Bonus Track,spotify:track:1HMQmOWrkieKYWlFsjUP3D,Perfect Playlist Pt 2
Wrecked,Imagine Dragons,Wrecked,spotify:track:2d1MywHy6FwKdzxFuSJnwl,The Knew
You Don't Mess Around With Jim,Jim Croce,Time in a Bottle,spotify:track:561F1zqRwGPCTMRsLsXVtL,"1 or 11? Its Aces, Charles!"
You Forgot It In People,Broken Social Scene,Stars And Sons,spotify:track:34NxpUqK4BZmVB9Pe6VuUZ,Rock Paper Scissors
Young Adult,Ritt Momney,Young Adult,spotify:track:70pYds3cGjJv2hnPie9c0H,Perfect Playlist Pt 2
Young Chasers,Circa Waves,T-Shirt Weather,spotify:track:7MfNoHB8JRNbSQ8P3eAfMQ,The Knew
Youngblood,5 Seconds of Summer,Youngblood,spotify:track:2iUXsYOEPhVqEBwsqP70rE,The Knew
Youngblood Hawke,Youngblood Hawke,We Come Running,spotify:track:4Xv41B0BJRcMBJYpavNDfD,The Knew
Zephyrus,The Oh Hellos,Soap,spotify:track:6KdS8wTdix7afv3dqSjaW4,Perfect Playlist Pt 2
